,日期,时间,出发站点,到达站点,客流量,OD对
0,2023/5/28,15:00-15:30,东单,大屯路东,6.0,东单-大屯路东
1,2023/5/28,15:00-15:30,中国美术馆,奥林匹克公园,1.0,中国美术馆-奥林匹克公园
2,2023/5/28,15:00-15:30,什刹海,北土城,4.0,什刹海-北土城
3,2023/5/28,15:00-15:30,什刹海,奥林匹克公园,3.0,什刹海-奥林匹克公园
4,2023/5/28,15:00-15:30,六道口,奥林匹克公园,6.0,六道口-奥林匹克公园
5,2023/5/28,15:00-15:30,前门,奥林匹克公园,6.0,前门-奥林匹克公园
6,2023/5/28,15:00-15:30,北京站,北土城,5.0,北京站-北土城
7,2023/5/28,15:00-15:30,北京西站,奥林匹克公园,1.0,北京西站-奥林匹克公园
8,2023/5/28,15:00-15:30,南锣鼓巷,奥林匹克公园,0.0,南锣鼓巷-奥林匹克公园
9,2023/5/28,15:00-15:30,国贸,惠新西街南口,3.0,国贸-惠新西街南口
10,2023/5/28,15:00-15:30,天通苑,奥林匹克公园,14.0,天通苑-奥林匹克公园
11,2023/5/28,15:00-15:30,奥林匹克公园,六道口,59.0,奥林匹克公园-六道口
12,2023/5/28,15:00-15:30,奥林匹克公园,北土城,102.0,奥林匹克公园-北土城
13,2023/5/28,15:00-15:30,海淀黄庄,北土城,106.0,海淀黄庄-北土城
14,2023/5/28,15:00-15:30,海淀黄庄,奥林匹克公园,138.0,海淀黄庄-奥林匹克公园
15,2023/5/28,15:00-15:30,海淀黄庄,牡丹园,40.0,海淀黄庄-牡丹园
16,2023/5/28,15:00-15:30,清华东路西口,奥林匹克公园,37.0,清华东路西口-奥林匹克公园
17,2023/5/28,15:00-15:30,王府井,奥林匹克公园,5.0,王府井-奥林匹克公园
18,2023/5/28,15:00-15:30,立水桥,大屯路东,9.0,立水桥-大屯路东
19,2023/5/28,15:00-15:30,苏州街,牡丹园,3.0,苏州街-牡丹园
20,2023/5/28,15:00-15:30,西二旗,六道口,3.0,西二旗-六道口
21,2023/5/28,15:00-15:30,西二旗,奥林匹克公园,47.0,西二旗-奥林匹克公园
22,2023/5/28,15:00-15:30,金台夕照,惠新西街南口,43.0,金台夕照-惠新西街南口
23,2023/5/28,15:00-15:30,金鱼胡同,北土城,51.0,金鱼胡同-北土城
24,2023/5/28,15:00-15:30,金鱼胡同,奥林匹克公园,18.0,金鱼胡同-奥林匹克公园
25,2023/5/28,15:30-16:00,东单,大屯路东,52.0,东单-大屯路东
26,2023/5/28,15:30-16:00,中国美术馆,奥林匹克公园,8.0,中国美术馆-奥林匹克公园
27,2023/5/28,15:30-16:00,什刹海,北土城,3.0,什刹海-北土城
28,2023/5/28,15:30-16:00,什刹海,奥林匹克公园,4.0,什刹海-奥林匹克公园
29,2023/5/28,15:30-16:00,六道口,奥林匹克公园,5.0,六道口-奥林匹克公园
30,2023/5/28,15:30-16:00,前门,奥林匹克公园,42.0,前门-奥林匹克公园
31,2023/5/28,15:30-16:00,北京站,北土城,95.0,北京站-北土城
32,2023/5/28,15:30-16:00,北京西站,奥林匹克公园,190.0,北京西站-奥林匹克公园
33,2023/5/28,15:30-16:00,南锣鼓巷,奥林匹克公园,214.0,南锣鼓巷-奥林匹克公园
34,2023/5/28,15:30-16:00,国贸,惠新西街南口,225.0,国贸-惠新西街南口
35,2023/5/28,15:30-16:00,天通苑,奥林匹克公园,158.0,天通苑-奥林匹克公园
36,2023/5/28,15:30-16:00,奥林匹克公园,六道口,177.0,奥林匹克公园-六道口
37,2023/5/28,15:30-16:00,奥林匹克公园,北土城,11.0,奥林匹克公园-北土城
38,2023/5/28,15:30-16:00,海淀黄庄,北土城,10.0,海淀黄庄-北土城
39,2023/5/28,15:30-16:00,海淀黄庄,奥林匹克公园,9.0,海淀黄庄-奥林匹克公园
40,2023/5/28,15:30-16:00,海淀黄庄,牡丹园,58.0,海淀黄庄-牡丹园
41,2023/5/28,15:30-16:00,清华东路西口,奥林匹克公园,40.0,清华东路西口-奥林匹克公园
42,2023/5/28,15:30-16:00,王府井,奥林匹克公园,85.0,王府井-奥林匹克公园
43,2023/5/28,15:30-16:00,立水桥,大屯路东,103.0,立水桥-大屯路东
44,2023/5/28,15:30-16:00,苏州街,牡丹园,133.0,苏州街-牡丹园
45,2023/5/28,15:30-16:00,西二旗,六道口,95.0,西二旗-六道口
46,2023/5/28,15:30-16:00,西二旗,奥林匹克公园,116.0,西二旗-奥林匹克公园
47,2023/5/28,15:30-16:00,金台夕照,惠新西街南口,9.0,金台夕照-惠新西街南口
48,2023/5/28,15:30-16:00,金鱼胡同,北土城,7.0,金鱼胡同-北土城
49,2023/5/28,15:30-16:00,金鱼胡同,奥林匹克公园,2.0,金鱼胡同-奥林匹克公园
50,2023/5/28,16:00-16:30,东单,大屯路东,15.0,东单-大屯路东
51,2023/5/28,16:00-16:30,中国美术馆,奥林匹克公园,82.0,中国美术馆-奥林匹克公园
52,2023/5/28,16:00-16:30,什刹海,北土城,106.0,什刹海-北土城
53,2023/5/28,16:00-16:30,什刹海,奥林匹克公园,147.0,什刹海-奥林匹克公园
54,2023/5/28,16:00-16:30,六道口,奥林匹克公园,85.0,六道口-奥林匹克公园
55,2023/5/28,16:00-16:30,前门,奥林匹克公园,58.0,前门-奥林匹克公园
56,2023/5/28,16:00-16:30,北京站,北土城,67.0,北京站-北土城
57,2023/5/28,16:00-16:30,北京西站,奥林匹克公园,3.0,北京西站-奥林匹克公园
58,2023/5/28,16:00-16:30,南锣鼓巷,奥林匹克公园,6.0,南锣鼓巷-奥林匹克公园
59,2023/5/28,16:00-16:30,国贸,惠新西街南口,8.0,国贸-惠新西街南口
60,2023/5/28,16:00-16:30,天通苑,奥林匹克公园,0.0,天通苑-奥林匹克公园
61,2023/5/28,16:00-16:30,奥林匹克公园,六道口,2.0,奥林匹克公园-六道口
62,2023/5/28,16:00-16:30,奥林匹克公园,北土城,1.0,奥林匹克公园-北土城
63,2023/5/28,16:00-16:30,海淀黄庄,北土城,2.0,海淀黄庄-北土城
64,2023/5/28,16:00-16:30,海淀黄庄,奥林匹克公园,1.0,海淀黄庄-奥林匹克公园
65,2023/5/28,16:00-16:30,海淀黄庄,牡丹园,1.0,海淀黄庄-牡丹园
66,2023/5/28,16:00-16:30,清华东路西口,奥林匹克公园,0.0,清华东路西口-奥林匹克公园
67,2023/5/28,16:00-16:30,王府井,奥林匹克公园,52.0,王府井-奥林匹克公园
68,2023/5/28,16:00-16:30,立水桥,大屯路东,80.0,立水桥-大屯路东
69,2023/5/28,16:00-16:30,苏州街,牡丹园,88.0,苏州街-牡丹园
70,2023/5/28,16:00-16:30,西二旗,六道口,57.0,西二旗-六道口
71,2023/5/28,16:00-16:30,西二旗,奥林匹克公园,32.0,西二旗-奥林匹克公园
72,2023/5/28,16:00-16:30,金台夕照,惠新西街南口,9.0,金台夕照-惠新西街南口
73,2023/5/28,16:00-16:30,金鱼胡同,北土城,19.0,金鱼胡同-北土城
74,2023/5/28,16:00-16:30,金鱼胡同,奥林匹克公园,0.0,金鱼胡同-奥林匹克公园
75,2023/5/28,16:30-17:00,东单,大屯路东,2.0,东单-大屯路东
76,2023/5/28,16:30-17:00,中国美术馆,奥林匹克公园,2.0,中国美术馆-奥林匹克公园
77,2023/5/28,16:30-17:00,什刹海,北土城,21.0,什刹海-北土城
78,2023/5/28,16:30-17:00,什刹海,奥林匹克公园,51.0,什刹海-奥林匹克公园
79,2023/5/28,16:30-17:00,六道口,奥林匹克公园,100.0,六道口-奥林匹克公园
80,2023/5/28,16:30-17:00,前门,奥林匹克公园,130.0,前门-奥林匹克公园
81,2023/5/28,16:30-17:00,北京站,北土城,86.0,北京站-北土城
82,2023/5/28,16:30-17:00,北京西站,奥林匹克公园,86.0,北京西站-奥林匹克公园
83,2023/5/28,16:30-17:00,南锣鼓巷,奥林匹克公园,51.0,南锣鼓巷-奥林匹克公园
84,2023/5/28,16:30-17:00,国贸,惠新西街南口,9.0,国贸-惠新西街南口
85,2023/5/28,16:30-17:00,天通苑,奥林匹克公园,6.0,天通苑-奥林匹克公园
86,2023/5/28,16:30-17:00,奥林匹克公园,六道口,5.0,奥林匹克公园-六道口
87,2023/5/28,16:30-17:00,奥林匹克公园,北土城,4.0,奥林匹克公园-北土城
88,2023/5/28,16:30-17:00,海淀黄庄,北土城,4.0,海淀黄庄-北土城
89,2023/5/28,16:30-17:00,海淀黄庄,奥林匹克公园,10.0,海淀黄庄-奥林匹克公园
90,2023/5/28,16:30-17:00,海淀黄庄,牡丹园,5.0,海淀黄庄-牡丹园
91,2023/5/28,16:30-17:00,清华东路西口,奥林匹克公园,14.0,清华东路西口-奥林匹克公园
92,2023/5/28,16:30-17:00,王府井,奥林匹克公园,3.0,王府井-奥林匹克公园
93,2023/5/28,16:30-17:00,立水桥,大屯路东,8.0,立水桥-大屯路东
94,2023/5/28,16:30-17:00,苏州街,牡丹园,7.0,苏州街-牡丹园
95,2023/5/28,16:30-17:00,西二旗,六道口,1.0,西二旗-六道口
96,2023/5/28,16:30-17:00,西二旗,奥林匹克公园,2.0,西二旗-奥林匹克公园
97,2023/5/28,16:30-17:00,金台夕照,惠新西街南口,24.0,金台夕照-惠新西街南口
98,2023/5/28,16:30-17:00,金鱼胡同,北土城,17.0,金鱼胡同-北土城
99,2023/5/28,16:30-17:00,金鱼胡同,奥林匹克公园,28.0,金鱼胡同-奥林匹克公园
100,2023/5/28,17:00-17:30,东单,大屯路东,25.0,东单-大屯路东
101,2023/5/28,17:00-17:30,中国美术馆,奥林匹克公园,36.0,中国美术馆-奥林匹克公园
102,2023/5/28,17:00-17:30,什刹海,北土城,11.0,什刹海-北土城
103,2023/5/28,17:00-17:30,什刹海,奥林匹克公园,15.0,什刹海-奥林匹克公园
104,2023/5/28,17:00-17:30,六道口,奥林匹克公园,13.0,六道口-奥林匹克公园
105,2023/5/28,17:00-17:30,前门,奥林匹克公园,29.0,前门-奥林匹克公园
106,2023/5/28,17:00-17:30,北京站,北土城,33.0,北京站-北土城
107,2023/5/28,17:00-17:30,北京西站,奥林匹克公园,40.0,北京西站-奥林匹克公园
108,2023/5/28,17:00-17:30,南锣鼓巷,奥林匹克公园,43.0,南锣鼓巷-奥林匹克公园
109,2023/5/28,17:00-17:30,国贸,惠新西街南口,26.0,国贸-惠新西街南口
110,2023/5/28,17:00-17:30,天通苑,奥林匹克公园,35.0,天通苑-奥林匹克公园
111,2023/5/28,17:00-17:30,奥林匹克公园,六道口,47.0,奥林匹克公园-六道口
112,2023/5/28,17:00-17:30,奥林匹克公园,北土城,103.0,奥林匹克公园-北土城
113,2023/5/28,17:00-17:30,海淀黄庄,北土城,49.0,海淀黄庄-北土城
114,2023/5/28,17:00-17:30,海淀黄庄,奥林匹克公园,7.0,海淀黄庄-奥林匹克公园
115,2023/5/28,17:00-17:30,海淀黄庄,牡丹园,5.0,海淀黄庄-牡丹园
116,2023/5/28,17:00-17:30,清华东路西口,奥林匹克公园,11.0,清华东路西口-奥林匹克公园
117,2023/5/28,17:00-17:30,王府井,奥林匹克公园,13.0,王府井-奥林匹克公园
118,2023/5/28,17:00-17:30,立水桥,大屯路东,18.0,立水桥-大屯路东
119,2023/5/28,17:00-17:30,苏州街,牡丹园,11.0,苏州街-牡丹园
120,2023/5/28,17:00-17:30,西二旗,六道口,16.0,西二旗-六道口
121,2023/5/28,17:00-17:30,西二旗,奥林匹克公园,5.0,西二旗-奥林匹克公园
122,2023/5/28,17:00-17:30,金台夕照,惠新西街南口,21.0,金台夕照-惠新西街南口
123,2023/5/28,17:00-17:30,金鱼胡同,北土城,18.0,金鱼胡同-北土城
124,2023/5/28,17:00-17:30,金鱼胡同,奥林匹克公园,2.0,金鱼胡同-奥林匹克公园
125,2023/5/28,17:30-18:00,东单,大屯路东,7.0,东单-大屯路东
126,2023/5/28,17:30-18:00,中国美术馆,奥林匹克公园,9.0,中国美术馆-奥林匹克公园
127,2023/5/28,17:30-18:00,什刹海,北土城,3.0,什刹海-北土城
128,2023/5/28,17:30-18:00,什刹海,奥林匹克公园,12.0,什刹海-奥林匹克公园
129,2023/5/28,17:30-18:00,六道口,奥林匹克公园,9.0,六道口-奥林匹克公园
130,2023/5/28,17:30-18:00,前门,奥林匹克公园,8.0,前门-奥林匹克公园
131,2023/5/28,17:30-18:00,北京站,北土城,5.0,北京站-北土城
132,2023/5/28,17:30-18:00,北京西站,奥林匹克公园,1.0,北京西站-奥林匹克公园
133,2023/5/28,17:30-18:00,南锣鼓巷,奥林匹克公园,9.0,南锣鼓巷-奥林匹克公园
134,2023/5/28,17:30-18:00,国贸,惠新西街南口,16.0,国贸-惠新西街南口
135,2023/5/28,17:30-18:00,天通苑,奥林匹克公园,32.0,天通苑-奥林匹克公园
136,2023/5/28,17:30-18:00,奥林匹克公园,六道口,37.0,奥林匹克公园-六道口
137,2023/5/28,17:30-18:00,奥林匹克公园,北土城,47.0,奥林匹克公园-北土城
138,2023/5/28,17:30-18:00,海淀黄庄,北土城,32.0,海淀黄庄-北土城
139,2023/5/28,17:30-18:00,海淀黄庄,奥林匹克公园,33.0,海淀黄庄-奥林匹克公园
140,2023/5/28,17:30-18:00,海淀黄庄,牡丹园,4.0,海淀黄庄-牡丹园
141,2023/5/28,17:30-18:00,清华东路西口,奥林匹克公园,2.0,清华东路西口-奥林匹克公园
142,2023/5/28,17:30-18:00,王府井,奥林匹克公园,5.0,王府井-奥林匹克公园
143,2023/5/28,17:30-18:00,立水桥,大屯路东,13.0,立水桥-大屯路东
144,2023/5/28,17:30-18:00,苏州街,牡丹园,19.0,苏州街-牡丹园
145,2023/5/28,17:30-18:00,西二旗,六道口,18.0,西二旗-六道口
146,2023/5/28,17:30-18:00,西二旗,奥林匹克公园,20.0,西二旗-奥林匹克公园
147,2023/5/28,17:30-18:00,金台夕照,惠新西街南口,14.0,金台夕照-惠新西街南口
148,2023/5/28,17:30-18:00,金鱼胡同,北土城,16.0,金鱼胡同-北土城
149,2023/5/28,17:30-18:00,金鱼胡同,奥林匹克公园,12.0,金鱼胡同-奥林匹克公园
150,2023/5/28,18:00-18:30,东单,大屯路东,12.0,东单-大屯路东
151,2023/5/28,18:00-18:30,中国美术馆,奥林匹克公园,3.0,中国美术馆-奥林匹克公园
152,2023/5/28,18:00-18:30,什刹海,北土城,45.0,什刹海-北土城
153,2023/5/28,18:00-18:30,什刹海,奥林匹克公园,64.0,什刹海-奥林匹克公园
154,2023/5/28,18:00-18:30,六道口,奥林匹克公园,49.0,六道口-奥林匹克公园
155,2023/5/28,18:00-18:30,前门,奥林匹克公园,50.0,前门-奥林匹克公园
156,2023/5/28,18:00-18:30,北京站,北土城,88.0,北京站-北土城
157,2023/5/28,18:00-18:30,北京西站,奥林匹克公园,78.0,北京西站-奥林匹克公园
158,2023/5/28,18:00-18:30,南锣鼓巷,奥林匹克公园,57.0,南锣鼓巷-奥林匹克公园
159,2023/5/28,18:00-18:30,国贸,惠新西街南口,0.0,国贸-惠新西街南口
160,2023/5/28,18:00-18:30,天通苑,奥林匹克公园,1.0,天通苑-奥林匹克公园
161,2023/5/28,18:00-18:30,奥林匹克公园,六道口,28.0,奥林匹克公园-六道口
162,2023/5/28,18:00-18:30,奥林匹克公园,北土城,51.0,奥林匹克公园-北土城
163,2023/5/28,18:00-18:30,海淀黄庄,北土城,96.0,海淀黄庄-北土城
164,2023/5/28,18:00-18:30,海淀黄庄,奥林匹克公园,79.0,海淀黄庄-奥林匹克公园
165,2023/5/28,18:00-18:30,海淀黄庄,牡丹园,96.0,海淀黄庄-牡丹园
166,2023/5/28,18:00-18:30,清华东路西口,奥林匹克公园,26.0,清华东路西口-奥林匹克公园
167,2023/5/28,18:00-18:30,王府井,奥林匹克公园,67.0,王府井-奥林匹克公园
168,2023/5/28,18:00-18:30,立水桥,大屯路东,8.0,立水桥-大屯路东
169,2023/5/28,18:00-18:30,苏州街,牡丹园,4.0,苏州街-牡丹园
170,2023/5/28,18:00-18:30,西二旗,六道口,2.0,西二旗-六道口
171,2023/5/28,18:00-18:30,西二旗,奥林匹克公园,4.0,西二旗-奥林匹克公园
172,2023/5/28,18:00-18:30,金台夕照,惠新西街南口,10.0,金台夕照-惠新西街南口
173,2023/5/28,18:00-18:30,金鱼胡同,北土城,5.0,金鱼胡同-北土城
174,2023/5/28,18:00-18:30,金鱼胡同,奥林匹克公园,12.0,金鱼胡同-奥林匹克公园
175,2023/5/28,21:30-22:00,六道口,学院桥,11.0,六道口-学院桥
176,2023/5/28,21:30-22:00,六道口,沙河,8.0,六道口-沙河
177,2023/5/28,21:30-22:00,北土城,北京站,6.0,北土城-北京站
178,2023/5/28,21:30-22:00,北土城,十里河,3.0,北土城-十里河
179,2023/5/28,21:30-22:00,北土城,团结湖,3.0,北土城-团结湖
180,2023/5/28,21:30-22:00,北土城,牡丹园,2.0,北土城-牡丹园
181,2023/5/28,21:30-22:00,北土城,车道沟,3.0,北土城-车道沟
182,2023/5/28,21:30-22:00,大屯路东,天通苑,5.0,大屯路东-天通苑
183,2023/5/28,21:30-22:00,大屯路东,天通苑北,0.0,大屯路东-天通苑北
184,2023/5/28,21:30-22:00,奥林匹克公园,东单,4.0,奥林匹克公园-东单
185,2023/5/28,21:30-22:00,奥林匹克公园,六道口,10.0,奥林匹克公园-六道口
186,2023/5/28,21:30-22:00,奥林匹克公园,北京站,9.0,奥林匹克公园-北京站
187,2023/5/28,21:30-22:00,奥林匹克公园,回龙观东大街,7.0,奥林匹克公园-回龙观东大街
188,2023/5/28,21:30-22:00,奥林匹克公园,望京,3.0,奥林匹克公园-望京
189,2023/5/28,21:30-22:00,奥林匹克公园,永泰庄,2.0,奥林匹克公园-永泰庄
190,2023/5/28,21:30-22:00,奥林匹克公园,海淀黄庄,2.0,奥林匹克公园-海淀黄庄
191,2023/5/28,21:30-22:00,奥林匹克公园,清华东路西口,6.0,奥林匹克公园-清华东路西口
192,2023/5/28,21:30-22:00,奥林匹克公园,王府井,4.0,奥林匹克公园-王府井
193,2023/5/28,21:30-22:00,奥林匹克公园,珠市口,2.0,奥林匹克公园-珠市口
194,2023/5/28,21:30-22:00,奥林匹克公园,西二旗,14.0,奥林匹克公园-西二旗
195,2023/5/28,21:30-22:00,奥林匹克公园,鼓楼大街,3.0,奥林匹克公园-鼓楼大街
196,2023/5/28,21:30-22:00,惠新西街南口,天通苑,11.0,惠新西街南口-天通苑
197,2023/5/28,21:30-22:00,惠新西街南口,天通苑北,4.0,惠新西街南口-天通苑北
198,2023/5/28,21:30-22:00,牡丹园,天通苑,0.0,牡丹园-天通苑
199,2023/5/28,21:30-22:00,牡丹园,天通苑北,0.0,牡丹园-天通苑北
200,2023/5/28,22:00-22:30,六道口,学院桥,4.0,六道口-学院桥
201,2023/5/28,22:00-22:30,六道口,沙河,16.0,六道口-沙河
202,2023/5/28,22:00-22:30,北土城,北京站,19.0,北土城-北京站
203,2023/5/28,22:00-22:30,北土城,十里河,27.0,北土城-十里河
204,2023/5/28,22:00-22:30,北土城,团结湖,32.0,北土城-团结湖
205,2023/5/28,22:00-22:30,北土城,牡丹园,32.0,北土城-牡丹园
206,2023/5/28,22:00-22:30,北土城,车道沟,20.0,北土城-车道沟
207,2023/5/28,22:00-22:30,大屯路东,天通苑,22.0,大屯路东-天通苑
208,2023/5/28,22:00-22:30,大屯路东,天通苑北,1.0,大屯路东-天通苑北
209,2023/5/28,22:00-22:30,奥林匹克公园,东单,0.0,奥林匹克公园-东单
210,2023/5/28,22:00-22:30,奥林匹克公园,六道口,2.0,奥林匹克公园-六道口
211,2023/5/28,22:00-22:30,奥林匹克公园,北京站,4.0,奥林匹克公园-北京站
212,2023/5/28,22:00-22:30,奥林匹克公园,回龙观东大街,0.0,奥林匹克公园-回龙观东大街
213,2023/5/28,22:00-22:30,奥林匹克公园,望京,3.0,奥林匹克公园-望京
214,2023/5/28,22:00-22:30,奥林匹克公园,永泰庄,7.0,奥林匹克公园-永泰庄
215,2023/5/28,22:00-22:30,奥林匹克公园,海淀黄庄,3.0,奥林匹克公园-海淀黄庄
216,2023/5/28,22:00-22:30,奥林匹克公园,清华东路西口,5.0,奥林匹克公园-清华东路西口
217,2023/5/28,22:00-22:30,奥林匹克公园,王府井,0.0,奥林匹克公园-王府井
218,2023/5/28,22:00-22:30,奥林匹克公园,珠市口,7.0,奥林匹克公园-珠市口
219,2023/5/28,22:00-22:30,奥林匹克公园,西二旗,5.0,奥林匹克公园-西二旗
220,2023/5/28,22:00-22:30,奥林匹克公园,鼓楼大街,16.0,奥林匹克公园-鼓楼大街
221,2023/5/28,22:00-22:30,惠新西街南口,天通苑,18.0,惠新西街南口-天通苑
222,2023/5/28,22:00-22:30,惠新西街南口,天通苑北,11.0,惠新西街南口-天通苑北
223,2023/5/28,22:00-22:30,牡丹园,天通苑,9.0,牡丹园-天通苑
224,2023/5/28,22:00-22:30,牡丹园,天通苑北,17.0,牡丹园-天通苑北
225,2023/5/28,22:30-23:00,六道口,学院桥,5.0,六道口-学院桥
226,2023/5/28,22:30-23:00,六道口,沙河,2.0,六道口-沙河
227,2023/5/28,22:30-23:00,北土城,北京站,1.0,北土城-北京站
228,2023/5/28,22:30-23:00,北土城,十里河,35.0,北土城-十里河
229,2023/5/28,22:30-23:00,北土城,团结湖,94.0,北土城-团结湖
230,2023/5/28,22:30-23:00,北土城,牡丹园,100.0,北土城-牡丹园
231,2023/5/28,22:30-23:00,北土城,车道沟,143.0,北土城-车道沟
232,2023/5/28,22:30-23:00,大屯路东,天通苑,121.0,大屯路东-天通苑
233,2023/5/28,22:30-23:00,大屯路东,天通苑北,83.0,大屯路东-天通苑北
234,2023/5/28,22:30-23:00,奥林匹克公园,东单,67.0,奥林匹克公园-东单
235,2023/5/28,22:30-23:00,奥林匹克公园,六道口,3.0,奥林匹克公园-六道口
236,2023/5/28,22:30-23:00,奥林匹克公园,北京站,6.0,奥林匹克公园-北京站
237,2023/5/28,22:30-23:00,奥林匹克公园,回龙观东大街,0.0,奥林匹克公园-回龙观东大街
238,2023/5/28,22:30-23:00,奥林匹克公园,望京,6.0,奥林匹克公园-望京
239,2023/5/28,22:30-23:00,奥林匹克公园,永泰庄,1.0,奥林匹克公园-永泰庄
240,2023/5/28,22:30-23:00,奥林匹克公园,海淀黄庄,4.0,奥林匹克公园-海淀黄庄
241,2023/5/28,22:30-23:00,奥林匹克公园,清华东路西口,3.0,奥林匹克公园-清华东路西口
242,2023/5/28,22:30-23:00,奥林匹克公园,王府井,6.0,奥林匹克公园-王府井
243,2023/5/28,22:30-23:00,奥林匹克公园,珠市口,6.0,奥林匹克公园-珠市口
244,2023/5/28,22:30-23:00,奥林匹克公园,西二旗,5.0,奥林匹克公园-西二旗
245,2023/5/28,22:30-23:00,奥林匹克公园,鼓楼大街,1.0,奥林匹克公园-鼓楼大街
246,2023/5/28,22:30-23:00,惠新西街南口,天通苑,0.0,惠新西街南口-天通苑
247,2023/5/28,22:30-23:00,惠新西街南口,天通苑北,3.0,惠新西街南口-天通苑北
248,2023/5/28,22:30-23:00,牡丹园,天通苑,14.0,牡丹园-天通苑
249,2023/5/28,22:30-23:00,牡丹园,天通苑北,59.0,牡丹园-天通苑北
250,2023/5/31,15:00-15:30,东单,大屯路东,102.0,东单-大屯路东
251,2023/5/31,15:00-15:30,中国美术馆,奥林匹克公园,106.0,中国美术馆-奥林匹克公园
252,2023/5/31,15:00-15:30,什刹海,北土城,138.0,什刹海-北土城
253,2023/5/31,15:00-15:30,什刹海,奥林匹克公园,40.0,什刹海-奥林匹克公园
254,2023/5/31,15:00-15:30,六道口,奥林匹克公园,37.0,六道口-奥林匹克公园
255,2023/5/31,15:00-15:30,前门,奥林匹克公园,5.0,前门-奥林匹克公园
256,2023/5/31,15:00-15:30,北京站,北土城,9.0,北京站-北土城
257,2023/5/31,15:00-15:30,北京西站,奥林匹克公园,3.0,北京西站-奥林匹克公园
258,2023/5/31,15:00-15:30,南锣鼓巷,奥林匹克公园,3.0,南锣鼓巷-奥林匹克公园
259,2023/5/31,15:00-15:30,国贸,惠新西街南口,47.0,国贸-惠新西街南口
260,2023/5/31,15:00-15:30,天通苑,奥林匹克公园,43.0,天通苑-奥林匹克公园
261,2023/5/31,15:00-15:30,奥林匹克公园,六道口,51.0,奥林匹克公园-六道口
262,2023/5/31,15:00-15:30,奥林匹克公园,北土城,18.0,奥林匹克公园-北土城
263,2023/5/31,15:00-15:30,海淀黄庄,北土城,52.0,海淀黄庄-北土城
264,2023/5/31,15:00-15:30,海淀黄庄,奥林匹克公园,8.0,海淀黄庄-奥林匹克公园
265,2023/5/31,15:00-15:30,海淀黄庄,牡丹园,3.0,海淀黄庄-牡丹园
266,2023/5/31,15:00-15:30,清华东路西口,奥林匹克公园,4.0,清华东路西口-奥林匹克公园
267,2023/5/31,15:00-15:30,王府井,奥林匹克公园,5.0,王府井-奥林匹克公园
268,2023/5/31,15:00-15:30,立水桥,大屯路东,42.0,立水桥-大屯路东
269,2023/5/31,15:00-15:30,苏州街,牡丹园,95.0,苏州街-牡丹园
270,2023/5/31,15:00-15:30,西二旗,六道口,190.0,西二旗-六道口
271,2023/5/31,15:00-15:30,西二旗,奥林匹克公园,214.0,西二旗-奥林匹克公园
272,2023/5/31,15:00-15:30,金台夕照,惠新西街南口,225.0,金台夕照-惠新西街南口
273,2023/5/31,15:00-15:30,金鱼胡同,北土城,158.0,金鱼胡同-北土城
274,2023/5/31,15:00-15:30,金鱼胡同,奥林匹克公园,177.0,金鱼胡同-奥林匹克公园
275,2023/5/31,15:30-16:00,东单,大屯路东,11.0,东单-大屯路东
276,2023/5/31,15:30-16:00,中国美术馆,奥林匹克公园,10.0,中国美术馆-奥林匹克公园
277,2023/5/31,15:30-16:00,什刹海,北土城,9.0,什刹海-北土城
278,2023/5/31,15:30-16:00,什刹海,奥林匹克公园,58.0,什刹海-奥林匹克公园
279,2023/5/31,15:30-16:00,六道口,奥林匹克公园,40.0,六道口-奥林匹克公园
280,2023/5/31,15:30-16:00,前门,奥林匹克公园,85.0,前门-奥林匹克公园
281,2023/5/31,15:30-16:00,北京站,北土城,103.0,北京站-北土城
282,2023/5/31,15:30-16:00,北京西站,奥林匹克公园,133.0,北京西站-奥林匹克公园
283,2023/5/31,15:30-16:00,南锣鼓巷,奥林匹克公园,95.0,南锣鼓巷-奥林匹克公园
284,2023/5/31,15:30-16:00,国贸,惠新西街南口,116.0,国贸-惠新西街南口
285,2023/5/31,15:30-16:00,天通苑,奥林匹克公园,9.0,天通苑-奥林匹克公园
286,2023/5/31,15:30-16:00,奥林匹克公园,六道口,7.0,奥林匹克公园-六道口
287,2023/5/31,15:30-16:00,奥林匹克公园,北土城,2.0,奥林匹克公园-北土城
288,2023/5/31,15:30-16:00,海淀黄庄,北土城,15.0,海淀黄庄-北土城
289,2023/5/31,15:30-16:00,海淀黄庄,奥林匹克公园,82.0,海淀黄庄-奥林匹克公园
290,2023/5/31,15:30-16:00,海淀黄庄,牡丹园,106.0,海淀黄庄-牡丹园
291,2023/5/31,15:30-16:00,清华东路西口,奥林匹克公园,147.0,清华东路西口-奥林匹克公园
292,2023/5/31,15:30-16:00,王府井,奥林匹克公园,85.0,王府井-奥林匹克公园
293,2023/5/31,15:30-16:00,立水桥,大屯路东,58.0,立水桥-大屯路东
294,2023/5/31,15:30-16:00,苏州街,牡丹园,67.0,苏州街-牡丹园
295,2023/5/31,15:30-16:00,西二旗,六道口,3.0,西二旗-六道口
296,2023/5/31,15:30-16:00,西二旗,奥林匹克公园,6.0,西二旗-奥林匹克公园
297,2023/5/31,15:30-16:00,金台夕照,惠新西街南口,8.0,金台夕照-惠新西街南口
298,2023/5/31,15:30-16:00,金鱼胡同,北土城,0.0,金鱼胡同-北土城
299,2023/5/31,15:30-16:00,金鱼胡同,奥林匹克公园,2.0,金鱼胡同-奥林匹克公园
300,2023/5/31,16:00-16:30,东单,大屯路东,1.0,东单-大屯路东
301,2023/5/31,16:00-16:30,中国美术馆,奥林匹克公园,2.0,中国美术馆-奥林匹克公园
302,2023/5/31,16:00-16:30,什刹海,北土城,1.0,什刹海-北土城
303,2023/5/31,16:00-16:30,什刹海,奥林匹克公园,1.0,什刹海-奥林匹克公园
304,2023/5/31,16:00-16:30,六道口,奥林匹克公园,0.0,六道口-奥林匹克公园
305,2023/5/31,16:00-16:30,前门,奥林匹克公园,52.0,前门-奥林匹克公园
306,2023/5/31,16:00-16:30,北京站,北土城,80.0,北京站-北土城
307,2023/5/31,16:00-16:30,北京西站,奥林匹克公园,88.0,北京西站-奥林匹克公园
308,2023/5/31,16:00-16:30,南锣鼓巷,奥林匹克公园,57.0,南锣鼓巷-奥林匹克公园
309,2023/5/31,16:00-16:30,国贸,惠新西街南口,32.0,国贸-惠新西街南口
310,2023/5/31,16:00-16:30,天通苑,奥林匹克公园,9.0,天通苑-奥林匹克公园
311,2023/5/31,16:00-16:30,奥林匹克公园,六道口,19.0,奥林匹克公园-六道口
312,2023/5/31,16:00-16:30,奥林匹克公园,北土城,0.0,奥林匹克公园-北土城
313,2023/5/31,16:00-16:30,海淀黄庄,北土城,2.0,海淀黄庄-北土城
314,2023/5/31,16:00-16:30,海淀黄庄,奥林匹克公园,2.0,海淀黄庄-奥林匹克公园
315,2023/5/31,16:00-16:30,海淀黄庄,牡丹园,21.0,海淀黄庄-牡丹园
316,2023/5/31,16:00-16:30,清华东路西口,奥林匹克公园,51.0,清华东路西口-奥林匹克公园
317,2023/5/31,16:00-16:30,王府井,奥林匹克公园,100.0,王府井-奥林匹克公园
318,2023/5/31,16:00-16:30,立水桥,大屯路东,130.0,立水桥-大屯路东
319,2023/5/31,16:00-16:30,苏州街,牡丹园,86.0,苏州街-牡丹园
320,2023/5/31,16:00-16:30,西二旗,六道口,86.0,西二旗-六道口
321,2023/5/31,16:00-16:30,西二旗,奥林匹克公园,51.0,西二旗-奥林匹克公园
322,2023/5/31,16:00-16:30,金台夕照,惠新西街南口,9.0,金台夕照-惠新西街南口
323,2023/5/31,16:00-16:30,金鱼胡同,北土城,6.0,金鱼胡同-北土城
324,2023/5/31,16:00-16:30,金鱼胡同,奥林匹克公园,5.0,金鱼胡同-奥林匹克公园
325,2023/5/31,16:30-17:00,东单,大屯路东,4.0,东单-大屯路东
326,2023/5/31,16:30-17:00,中国美术馆,奥林匹克公园,4.0,中国美术馆-奥林匹克公园
327,2023/5/31,16:30-17:00,什刹海,北土城,10.0,什刹海-北土城
328,2023/5/31,16:30-17:00,什刹海,奥林匹克公园,5.0,什刹海-奥林匹克公园
329,2023/5/31,16:30-17:00,六道口,奥林匹克公园,14.0,六道口-奥林匹克公园
330,2023/5/31,16:30-17:00,前门,奥林匹克公园,3.0,前门-奥林匹克公园
331,2023/5/31,16:30-17:00,北京站,北土城,8.0,北京站-北土城
332,2023/5/31,16:30-17:00,北京西站,奥林匹克公园,7.0,北京西站-奥林匹克公园
333,2023/5/31,16:30-17:00,南锣鼓巷,奥林匹克公园,1.0,南锣鼓巷-奥林匹克公园
334,2023/5/31,16:30-17:00,国贸,惠新西街南口,2.0,国贸-惠新西街南口
335,2023/5/31,16:30-17:00,天通苑,奥林匹克公园,24.0,天通苑-奥林匹克公园
336,2023/5/31,16:30-17:00,奥林匹克公园,六道口,17.0,奥林匹克公园-六道口
337,2023/5/31,16:30-17:00,奥林匹克公园,北土城,28.0,奥林匹克公园-北土城
338,2023/5/31,16:30-17:00,海淀黄庄,北土城,25.0,海淀黄庄-北土城
339,2023/5/31,16:30-17:00,海淀黄庄,奥林匹克公园,36.0,海淀黄庄-奥林匹克公园
340,2023/5/31,16:30-17:00,海淀黄庄,牡丹园,11.0,海淀黄庄-牡丹园
341,2023/5/31,16:30-17:00,清华东路西口,奥林匹克公园,15.0,清华东路西口-奥林匹克公园
342,2023/5/31,16:30-17:00,王府井,奥林匹克公园,13.0,王府井-奥林匹克公园
343,2023/5/31,16:30-17:00,立水桥,大屯路东,29.0,立水桥-大屯路东
344,2023/5/31,16:30-17:00,苏州街,牡丹园,33.0,苏州街-牡丹园
345,2023/5/31,16:30-17:00,西二旗,六道口,40.0,西二旗-六道口
346,2023/5/31,16:30-17:00,西二旗,奥林匹克公园,43.0,西二旗-奥林匹克公园
347,2023/5/31,16:30-17:00,金台夕照,惠新西街南口,26.0,金台夕照-惠新西街南口
348,2023/5/31,16:30-17:00,金鱼胡同,北土城,35.0,金鱼胡同-北土城
349,2023/5/31,16:30-17:00,金鱼胡同,奥林匹克公园,47.0,金鱼胡同-奥林匹克公园
350,2023/5/31,17:00-17:30,东单,大屯路东,103.0,东单-大屯路东
351,2023/5/31,17:00-17:30,中国美术馆,奥林匹克公园,49.0,中国美术馆-奥林匹克公园
352,2023/5/31,17:00-17:30,什刹海,北土城,7.0,什刹海-北土城
353,2023/5/31,17:00-17:30,什刹海,奥林匹克公园,5.0,什刹海-奥林匹克公园
354,2023/5/31,17:00-17:30,六道口,奥林匹克公园,11.0,六道口-奥林匹克公园
355,2023/5/31,17:00-17:30,前门,奥林匹克公园,13.0,前门-奥林匹克公园
356,2023/5/31,17:00-17:30,北京站,北土城,18.0,北京站-北土城
357,2023/5/31,17:00-17:30,北京西站,奥林匹克公园,11.0,北京西站-奥林匹克公园
358,2023/5/31,17:00-17:30,南锣鼓巷,奥林匹克公园,16.0,南锣鼓巷-奥林匹克公园
359,2023/5/31,17:00-17:30,国贸,惠新西街南口,5.0,国贸-惠新西街南口
360,2023/5/31,17:00-17:30,天通苑,奥林匹克公园,21.0,天通苑-奥林匹克公园
361,2023/5/31,17:00-17:30,奥林匹克公园,六道口,18.0,奥林匹克公园-六道口
362,2023/5/31,17:00-17:30,奥林匹克公园,北土城,2.0,奥林匹克公园-北土城
363,2023/5/31,17:00-17:30,海淀黄庄,北土城,7.0,海淀黄庄-北土城
364,2023/5/31,17:00-17:30,海淀黄庄,奥林匹克公园,9.0,海淀黄庄-奥林匹克公园
365,2023/5/31,17:00-17:30,海淀黄庄,牡丹园,3.0,海淀黄庄-牡丹园
366,2023/5/31,17:00-17:30,清华东路西口,奥林匹克公园,12.0,清华东路西口-奥林匹克公园
367,2023/5/31,17:00-17:30,王府井,奥林匹克公园,9.0,王府井-奥林匹克公园
368,2023/5/31,17:00-17:30,立水桥,大屯路东,8.0,立水桥-大屯路东
369,2023/5/31,17:00-17:30,苏州街,牡丹园,5.0,苏州街-牡丹园
370,2023/5/31,17:00-17:30,西二旗,六道口,1.0,西二旗-六道口
371,2023/5/31,17:00-17:30,西二旗,奥林匹克公园,9.0,西二旗-奥林匹克公园
372,2023/5/31,17:00-17:30,金台夕照,惠新西街南口,16.0,金台夕照-惠新西街南口
373,2023/5/31,17:00-17:30,金鱼胡同,北土城,32.0,金鱼胡同-北土城
374,2023/5/31,17:00-17:30,金鱼胡同,奥林匹克公园,37.0,金鱼胡同-奥林匹克公园
375,2023/5/31,17:30-18:00,东单,大屯路东,47.0,东单-大屯路东
376,2023/5/31,17:30-18:00,中国美术馆,奥林匹克公园,32.0,中国美术馆-奥林匹克公园
377,2023/5/31,17:30-18:00,什刹海,北土城,33.0,什刹海-北土城
378,2023/5/31,17:30-18:00,什刹海,奥林匹克公园,4.0,什刹海-奥林匹克公园
379,2023/5/31,17:30-18:00,六道口,奥林匹克公园,2.0,六道口-奥林匹克公园
380,2023/5/31,17:30-18:00,前门,奥林匹克公园,5.0,前门-奥林匹克公园
381,2023/5/31,17:30-18:00,北京站,北土城,13.0,北京站-北土城
382,2023/5/31,17:30-18:00,北京西站,奥林匹克公园,19.0,北京西站-奥林匹克公园
383,2023/5/31,17:30-18:00,南锣鼓巷,奥林匹克公园,18.0,南锣鼓巷-奥林匹克公园
384,2023/5/31,17:30-18:00,国贸,惠新西街南口,20.0,国贸-惠新西街南口
385,2023/5/31,17:30-18:00,天通苑,奥林匹克公园,14.0,天通苑-奥林匹克公园
386,2023/5/31,17:30-18:00,奥林匹克公园,六道口,16.0,奥林匹克公园-六道口
387,2023/5/31,17:30-18:00,奥林匹克公园,北土城,12.0,奥林匹克公园-北土城
388,2023/5/31,17:30-18:00,海淀黄庄,北土城,12.0,海淀黄庄-北土城
389,2023/5/31,17:30-18:00,海淀黄庄,奥林匹克公园,3.0,海淀黄庄-奥林匹克公园
390,2023/5/31,17:30-18:00,海淀黄庄,牡丹园,45.0,海淀黄庄-牡丹园
391,2023/5/31,17:30-18:00,清华东路西口,奥林匹克公园,64.0,清华东路西口-奥林匹克公园
392,2023/5/31,17:30-18:00,王府井,奥林匹克公园,49.0,王府井-奥林匹克公园
393,2023/5/31,17:30-18:00,立水桥,大屯路东,50.0,立水桥-大屯路东
394,2023/5/31,17:30-18:00,苏州街,牡丹园,88.0,苏州街-牡丹园
395,2023/5/31,17:30-18:00,西二旗,六道口,78.0,西二旗-六道口
396,2023/5/31,17:30-18:00,西二旗,奥林匹克公园,57.0,西二旗-奥林匹克公园
397,2023/5/31,17:30-18:00,金台夕照,惠新西街南口,0.0,金台夕照-惠新西街南口
398,2023/5/31,17:30-18:00,金鱼胡同,北土城,1.0,金鱼胡同-北土城
399,2023/5/31,17:30-18:00,金鱼胡同,奥林匹克公园,28.0,金鱼胡同-奥林匹克公园
400,2023/5/31,18:00-18:30,东单,大屯路东,51.0,东单-大屯路东
401,2023/5/31,18:00-18:30,中国美术馆,奥林匹克公园,96.0,中国美术馆-奥林匹克公园
402,2023/5/31,18:00-18:30,什刹海,北土城,79.0,什刹海-北土城
403,2023/5/31,18:00-18:30,什刹海,奥林匹克公园,96.0,什刹海-奥林匹克公园
404,2023/5/31,18:00-18:30,六道口,奥林匹克公园,26.0,六道口-奥林匹克公园
405,2023/5/31,18:00-18:30,前门,奥林匹克公园,67.0,前门-奥林匹克公园
406,2023/5/31,18:00-18:30,北京站,北土城,8.0,北京站-北土城
407,2023/5/31,18:00-18:30,北京西站,奥林匹克公园,4.0,北京西站-奥林匹克公园
408,2023/5/31,18:00-18:30,南锣鼓巷,奥林匹克公园,2.0,南锣鼓巷-奥林匹克公园
409,2023/5/31,18:00-18:30,国贸,惠新西街南口,4.0,国贸-惠新西街南口
410,2023/5/31,18:00-18:30,天通苑,奥林匹克公园,10.0,天通苑-奥林匹克公园
411,2023/5/31,18:00-18:30,奥林匹克公园,六道口,5.0,奥林匹克公园-六道口
412,2023/5/31,18:00-18:30,奥林匹克公园,北土城,12.0,奥林匹克公园-北土城
413,2023/5/31,18:00-18:30,海淀黄庄,北土城,11.0,海淀黄庄-北土城
414,2023/5/31,18:00-18:30,海淀黄庄,奥林匹克公园,8.0,海淀黄庄-奥林匹克公园
415,2023/5/31,18:00-18:30,海淀黄庄,牡丹园,6.0,海淀黄庄-牡丹园
416,2023/5/31,18:00-18:30,清华东路西口,奥林匹克公园,3.0,清华东路西口-奥林匹克公园
417,2023/5/31,18:00-18:30,王府井,奥林匹克公园,3.0,王府井-奥林匹克公园
418,2023/5/31,18:00-18:30,立水桥,大屯路东,2.0,立水桥-大屯路东
419,2023/5/31,18:00-18:30,苏州街,牡丹园,3.0,苏州街-牡丹园
420,2023/5/31,18:00-18:30,西二旗,六道口,5.0,西二旗-六道口
421,2023/5/31,18:00-18:30,西二旗,奥林匹克公园,0.0,西二旗-奥林匹克公园
422,2023/5/31,18:00-18:30,金台夕照,惠新西街南口,4.0,金台夕照-惠新西街南口
423,2023/5/31,18:00-18:30,金鱼胡同,北土城,10.0,金鱼胡同-北土城
424,2023/5/31,18:00-18:30,金鱼胡同,奥林匹克公园,9.0,金鱼胡同-奥林匹克公园
425,2023/5/31,21:30-22:00,六道口,学院桥,7.0,六道口-学院桥
426,2023/5/31,21:30-22:00,六道口,沙河,3.0,六道口-沙河
427,2023/5/31,21:30-22:00,北土城,北京站,2.0,北土城-北京站
428,2023/5/31,21:30-22:00,北土城,十里河,2.0,北土城-十里河
429,2023/5/31,21:30-22:00,北土城,团结湖,6.0,北土城-团结湖
430,2023/5/31,21:30-22:00,北土城,牡丹园,4.0,北土城-牡丹园
431,2023/5/31,21:30-22:00,北土城,车道沟,2.0,北土城-车道沟
432,2023/5/31,21:30-22:00,大屯路东,天通苑,14.0,大屯路东-天通苑
433,2023/5/31,21:30-22:00,大屯路东,天通苑北,3.0,大屯路东-天通苑北
434,2023/5/31,21:30-22:00,奥林匹克公园,东单,11.0,奥林匹克公园-东单
435,2023/5/31,21:30-22:00,奥林匹克公园,六道口,4.0,奥林匹克公园-六道口
436,2023/5/31,21:30-22:00,奥林匹克公园,北京站,0.0,奥林匹克公园-北京站
437,2023/5/31,21:30-22:00,奥林匹克公园,回龙观东大街,0.0,奥林匹克公园-回龙观东大街
438,2023/5/31,21:30-22:00,奥林匹克公园,望京,4.0,奥林匹克公园-望京
439,2023/5/31,21:30-22:00,奥林匹克公园,永泰庄,16.0,奥林匹克公园-永泰庄
440,2023/5/31,21:30-22:00,奥林匹克公园,海淀黄庄,19.0,奥林匹克公园-海淀黄庄
441,2023/5/31,21:30-22:00,奥林匹克公园,清华东路西口,27.0,奥林匹克公园-清华东路西口
442,2023/5/31,21:30-22:00,奥林匹克公园,王府井,32.0,奥林匹克公园-王府井
443,2023/5/31,21:30-22:00,奥林匹克公园,珠市口,32.0,奥林匹克公园-珠市口
444,2023/5/31,21:30-22:00,奥林匹克公园,西二旗,20.0,奥林匹克公园-西二旗
445,2023/5/31,21:30-22:00,奥林匹克公园,鼓楼大街,22.0,奥林匹克公园-鼓楼大街
446,2023/5/31,21:30-22:00,惠新西街南口,天通苑,1.0,惠新西街南口-天通苑
447,2023/5/31,21:30-22:00,惠新西街南口,天通苑北,0.0,惠新西街南口-天通苑北
448,2023/5/31,21:30-22:00,牡丹园,天通苑,2.0,牡丹园-天通苑
449,2023/5/31,21:30-22:00,牡丹园,天通苑北,4.0,牡丹园-天通苑北
450,2023/5/31,22:00-22:30,六道口,学院桥,0.0,六道口-学院桥
451,2023/5/31,22:00-22:30,六道口,沙河,3.0,六道口-沙河
452,2023/5/31,22:00-22:30,北土城,北京站,7.0,北土城-北京站
453,2023/5/31,22:00-22:30,北土城,十里河,3.0,北土城-十里河
454,2023/5/31,22:00-22:30,北土城,团结湖,5.0,北土城-团结湖
455,2023/5/31,22:00-22:30,北土城,牡丹园,0.0,北土城-牡丹园
456,2023/5/31,22:00-22:30,北土城,车道沟,7.0,北土城-车道沟
457,2023/5/31,22:00-22:30,大屯路东,天通苑,5.0,大屯路东-天通苑
458,2023/5/31,22:00-22:30,大屯路东,天通苑北,16.0,大屯路东-天通苑北
459,2023/5/31,22:00-22:30,奥林匹克公园,东单,18.0,奥林匹克公园-东单
460,2023/5/31,22:00-22:30,奥林匹克公园,六道口,11.0,奥林匹克公园-六道口
461,2023/5/31,22:00-22:30,奥林匹克公园,北京站,9.0,奥林匹克公园-北京站
462,2023/5/31,22:00-22:30,奥林匹克公园,回龙观东大街,17.0,奥林匹克公园-回龙观东大街
463,2023/5/31,22:00-22:30,奥林匹克公园,望京,5.0,奥林匹克公园-望京
464,2023/5/31,22:00-22:30,奥林匹克公园,永泰庄,2.0,奥林匹克公园-永泰庄
465,2023/5/31,22:00-22:30,奥林匹克公园,海淀黄庄,1.0,奥林匹克公园-海淀黄庄
466,2023/5/31,22:00-22:30,奥林匹克公园,清华东路西口,35.0,奥林匹克公园-清华东路西口
467,2023/5/31,22:00-22:30,奥林匹克公园,王府井,94.0,奥林匹克公园-王府井
468,2023/5/31,22:00-22:30,奥林匹克公园,珠市口,100.0,奥林匹克公园-珠市口
469,2023/5/31,22:00-22:30,奥林匹克公园,西二旗,143.0,奥林匹克公园-西二旗
470,2023/5/31,22:00-22:30,奥林匹克公园,鼓楼大街,121.0,奥林匹克公园-鼓楼大街
471,2023/5/31,22:00-22:30,惠新西街南口,天通苑,83.0,惠新西街南口-天通苑
472,2023/5/31,22:00-22:30,惠新西街南口,天通苑北,67.0,惠新西街南口-天通苑北
473,2023/5/31,22:00-22:30,牡丹园,天通苑,3.0,牡丹园-天通苑
474,2023/5/31,22:00-22:30,牡丹园,天通苑北,6.0,牡丹园-天通苑北
475,2023/5/31,22:30-23:00,六道口,学院桥,0.0,六道口-学院桥
476,2023/5/31,22:30-23:00,六道口,沙河,6.0,六道口-沙河
477,2023/5/31,22:30-23:00,北土城,北京站,1.0,北土城-北京站
478,2023/5/31,22:30-23:00,北土城,十里河,4.0,北土城-十里河
479,2023/5/31,22:30-23:00,北土城,团结湖,3.0,北土城-团结湖
480,2023/5/31,22:30-23:00,北土城,牡丹园,6.0,北土城-牡丹园
481,2023/5/31,22:30-23:00,北土城,车道沟,6.0,北土城-车道沟
482,2023/5/31,22:30-23:00,大屯路东,天通苑,5.0,大屯路东-天通苑
483,2023/5/31,22:30-23:00,大屯路东,天通苑北,1.0,大屯路东-天通苑北
484,2023/5/31,22:30-23:00,奥林匹克公园,东单,0.0,奥林匹克公园-东单
485,2023/5/31,22:30-23:00,奥林匹克公园,六道口,3.0,奥林匹克公园-六道口
486,2023/5/31,22:30-23:00,奥林匹克公园,北京站,14.0,奥林匹克公园-北京站
487,2023/5/31,22:30-23:00,奥林匹克公园,回龙观东大街,59.0,奥林匹克公园-回龙观东大街
488,2023/5/31,22:30-23:00,奥林匹克公园,望京,102.0,奥林匹克公园-望京
489,2023/5/31,22:30-23:00,奥林匹克公园,永泰庄,106.0,奥林匹克公园-永泰庄
490,2023/5/31,22:30-23:00,奥林匹克公园,海淀黄庄,138.0,奥林匹克公园-海淀黄庄
491,2023/5/31,22:30-23:00,奥林匹克公园,清华东路西口,40.0,奥林匹克公园-清华东路西口
492,2023/5/31,22:30-23:00,奥林匹克公园,王府井,37.0,奥林匹克公园-王府井
493,2023/5/31,22:30-23:00,奥林匹克公园,珠市口,5.0,奥林匹克公园-珠市口
494,2023/5/31,22:30-23:00,奥林匹克公园,西二旗,9.0,奥林匹克公园-西二旗
495,2023/5/31,22:30-23:00,奥林匹克公园,鼓楼大街,3.0,奥林匹克公园-鼓楼大街
496,2023/5/31,22:30-23:00,惠新西街南口,天通苑,3.0,惠新西街南口-天通苑
497,2023/5/31,22:30-23:00,惠新西街南口,天通苑北,47.0,惠新西街南口-天通苑北
498,2023/5/31,22:30-23:00,牡丹园,天通苑,43.0,牡丹园-天通苑
499,2023/5/31,22:30-23:00,牡丹园,天通苑北,51.0,牡丹园-天通苑北
500,2023/6/1,15:00-15:30,东单,大屯路东,18.0,东单-大屯路东
501,2023/6/1,15:00-15:30,中国美术馆,奥林匹克公园,52.0,中国美术馆-奥林匹克公园
502,2023/6/1,15:00-15:30,什刹海,北土城,8.0,什刹海-北土城
503,2023/6/1,15:00-15:30,什刹海,奥林匹克公园,3.0,什刹海-奥林匹克公园
504,2023/6/1,15:00-15:30,六道口,奥林匹克公园,4.0,六道口-奥林匹克公园
505,2023/6/1,15:00-15:30,前门,奥林匹克公园,5.0,前门-奥林匹克公园
506,2023/6/1,15:00-15:30,北京站,北土城,42.0,北京站-北土城
507,2023/6/1,15:00-15:30,北京西站,奥林匹克公园,95.0,北京西站-奥林匹克公园
508,2023/6/1,15:00-15:30,南锣鼓巷,奥林匹克公园,190.0,南锣鼓巷-奥林匹克公园
509,2023/6/1,15:00-15:30,国贸,惠新西街南口,214.0,国贸-惠新西街南口
510,2023/6/1,15:00-15:30,天通苑,奥林匹克公园,225.0,天通苑-奥林匹克公园
511,2023/6/1,15:00-15:30,奥林匹克公园,六道口,158.0,奥林匹克公园-六道口
512,2023/6/1,15:00-15:30,奥林匹克公园,北土城,177.0,奥林匹克公园-北土城
513,2023/6/1,15:00-15:30,海淀黄庄,北土城,11.0,海淀黄庄-北土城
514,2023/6/1,15:00-15:30,海淀黄庄,奥林匹克公园,10.0,海淀黄庄-奥林匹克公园
515,2023/6/1,15:00-15:30,海淀黄庄,牡丹园,9.0,海淀黄庄-牡丹园
516,2023/6/1,15:00-15:30,清华东路西口,奥林匹克公园,58.0,清华东路西口-奥林匹克公园
517,2023/6/1,15:00-15:30,王府井,奥林匹克公园,40.0,王府井-奥林匹克公园
518,2023/6/1,15:00-15:30,立水桥,大屯路东,85.0,立水桥-大屯路东
519,2023/6/1,15:00-15:30,苏州街,牡丹园,103.0,苏州街-牡丹园
520,2023/6/1,15:00-15:30,西二旗,六道口,133.0,西二旗-六道口
521,2023/6/1,15:00-15:30,西二旗,奥林匹克公园,95.0,西二旗-奥林匹克公园
522,2023/6/1,15:00-15:30,金台夕照,惠新西街南口,116.0,金台夕照-惠新西街南口
523,2023/6/1,15:00-15:30,金鱼胡同,北土城,9.0,金鱼胡同-北土城
524,2023/6/1,15:00-15:30,金鱼胡同,奥林匹克公园,7.0,金鱼胡同-奥林匹克公园
525,2023/6/1,15:30-16:00,东单,大屯路东,2.0,东单-大屯路东
526,2023/6/1,15:30-16:00,中国美术馆,奥林匹克公园,15.0,中国美术馆-奥林匹克公园
527,2023/6/1,15:30-16:00,什刹海,北土城,82.0,什刹海-北土城
528,2023/6/1,15:30-16:00,什刹海,奥林匹克公园,106.0,什刹海-奥林匹克公园
529,2023/6/1,15:30-16:00,六道口,奥林匹克公园,147.0,六道口-奥林匹克公园
530,2023/6/1,15:30-16:00,前门,奥林匹克公园,85.0,前门-奥林匹克公园
531,2023/6/1,15:30-16:00,北京站,北土城,58.0,北京站-北土城
532,2023/6/1,15:30-16:00,北京西站,奥林匹克公园,67.0,北京西站-奥林匹克公园
533,2023/6/1,15:30-16:00,南锣鼓巷,奥林匹克公园,3.0,南锣鼓巷-奥林匹克公园
534,2023/6/1,15:30-16:00,国贸,惠新西街南口,6.0,国贸-惠新西街南口
535,2023/6/1,15:30-16:00,天通苑,奥林匹克公园,8.0,天通苑-奥林匹克公园
536,2023/6/1,15:30-16:00,奥林匹克公园,六道口,0.0,奥林匹克公园-六道口
537,2023/6/1,15:30-16:00,奥林匹克公园,北土城,2.0,奥林匹克公园-北土城
538,2023/6/1,15:30-16:00,海淀黄庄,北土城,1.0,海淀黄庄-北土城
539,2023/6/1,15:30-16:00,海淀黄庄,奥林匹克公园,2.0,海淀黄庄-奥林匹克公园
540,2023/6/1,15:30-16:00,海淀黄庄,牡丹园,1.0,海淀黄庄-牡丹园
541,2023/6/1,15:30-16:00,清华东路西口,奥林匹克公园,1.0,清华东路西口-奥林匹克公园
542,2023/6/1,15:30-16:00,王府井,奥林匹克公园,0.0,王府井-奥林匹克公园
543,2023/6/1,15:30-16:00,立水桥,大屯路东,52.0,立水桥-大屯路东
544,2023/6/1,15:30-16:00,苏州街,牡丹园,80.0,苏州街-牡丹园
545,2023/6/1,15:30-16:00,西二旗,六道口,88.0,西二旗-六道口
546,2023/6/1,15:30-16:00,西二旗,奥林匹克公园,57.0,西二旗-奥林匹克公园
547,2023/6/1,15:30-16:00,金台夕照,惠新西街南口,32.0,金台夕照-惠新西街南口
548,2023/6/1,15:30-16:00,金鱼胡同,北土城,9.0,金鱼胡同-北土城
549,2023/6/1,15:30-16:00,金鱼胡同,奥林匹克公园,19.0,金鱼胡同-奥林匹克公园
550,2023/6/1,16:00-16:30,东单,大屯路东,0.0,东单-大屯路东
551,2023/6/1,16:00-16:30,中国美术馆,奥林匹克公园,2.0,中国美术馆-奥林匹克公园
552,2023/6/1,16:00-16:30,什刹海,北土城,2.0,什刹海-北土城
553,2023/6/1,16:00-16:30,什刹海,奥林匹克公园,21.0,什刹海-奥林匹克公园
554,2023/6/1,16:00-16:30,六道口,奥林匹克公园,51.0,六道口-奥林匹克公园
555,2023/6/1,16:00-16:30,前门,奥林匹克公园,100.0,前门-奥林匹克公园
556,2023/6/1,16:00-16:30,北京站,北土城,130.0,北京站-北土城
557,2023/6/1,16:00-16:30,北京西站,奥林匹克公园,86.0,北京西站-奥林匹克公园
558,2023/6/1,16:00-16:30,南锣鼓巷,奥林匹克公园,86.0,南锣鼓巷-奥林匹克公园
559,2023/6/1,16:00-16:30,国贸,惠新西街南口,51.0,国贸-惠新西街南口
560,2023/6/1,16:00-16:30,天通苑,奥林匹克公园,9.0,天通苑-奥林匹克公园
561,2023/6/1,16:00-16:30,奥林匹克公园,六道口,6.0,奥林匹克公园-六道口
562,2023/6/1,16:00-16:30,奥林匹克公园,北土城,5.0,奥林匹克公园-北土城
563,2023/6/1,16:00-16:30,海淀黄庄,北土城,4.0,海淀黄庄-北土城
564,2023/6/1,16:00-16:30,海淀黄庄,奥林匹克公园,4.0,海淀黄庄-奥林匹克公园
565,2023/6/1,16:00-16:30,海淀黄庄,牡丹园,10.0,海淀黄庄-牡丹园
566,2023/6/1,16:00-16:30,清华东路西口,奥林匹克公园,5.0,清华东路西口-奥林匹克公园
567,2023/6/1,16:00-16:30,王府井,奥林匹克公园,14.0,王府井-奥林匹克公园
568,2023/6/1,16:00-16:30,立水桥,大屯路东,3.0,立水桥-大屯路东
569,2023/6/1,16:00-16:30,苏州街,牡丹园,8.0,苏州街-牡丹园
570,2023/6/1,16:00-16:30,西二旗,六道口,7.0,西二旗-六道口
571,2023/6/1,16:00-16:30,西二旗,奥林匹克公园,1.0,西二旗-奥林匹克公园
572,2023/6/1,16:00-16:30,金台夕照,惠新西街南口,2.0,金台夕照-惠新西街南口
573,2023/6/1,16:00-16:30,金鱼胡同,北土城,24.0,金鱼胡同-北土城
574,2023/6/1,16:00-16:30,金鱼胡同,奥林匹克公园,17.0,金鱼胡同-奥林匹克公园
575,2023/6/1,16:30-17:00,东单,大屯路东,28.0,东单-大屯路东
576,2023/6/1,16:30-17:00,中国美术馆,奥林匹克公园,25.0,中国美术馆-奥林匹克公园
577,2023/6/1,16:30-17:00,什刹海,北土城,36.0,什刹海-北土城
578,2023/6/1,16:30-17:00,什刹海,奥林匹克公园,11.0,什刹海-奥林匹克公园
579,2023/6/1,16:30-17:00,六道口,奥林匹克公园,15.0,六道口-奥林匹克公园
580,2023/6/1,16:30-17:00,前门,奥林匹克公园,13.0,前门-奥林匹克公园
581,2023/6/1,16:30-17:00,北京站,北土城,29.0,北京站-北土城
582,2023/6/1,16:30-17:00,北京西站,奥林匹克公园,33.0,北京西站-奥林匹克公园
583,2023/6/1,16:30-17:00,南锣鼓巷,奥林匹克公园,40.0,南锣鼓巷-奥林匹克公园
584,2023/6/1,16:30-17:00,国贸,惠新西街南口,43.0,国贸-惠新西街南口
585,2023/6/1,16:30-17:00,天通苑,奥林匹克公园,26.0,天通苑-奥林匹克公园
586,2023/6/1,16:30-17:00,奥林匹克公园,六道口,35.0,奥林匹克公园-六道口
587,2023/6/1,16:30-17:00,奥林匹克公园,北土城,47.0,奥林匹克公园-北土城
588,2023/6/1,16:30-17:00,海淀黄庄,北土城,103.0,海淀黄庄-北土城
589,2023/6/1,16:30-17:00,海淀黄庄,奥林匹克公园,49.0,海淀黄庄-奥林匹克公园
590,2023/6/1,16:30-17:00,海淀黄庄,牡丹园,7.0,海淀黄庄-牡丹园
591,2023/6/1,16:30-17:00,清华东路西口,奥林匹克公园,5.0,清华东路西口-奥林匹克公园
592,2023/6/1,16:30-17:00,王府井,奥林匹克公园,11.0,王府井-奥林匹克公园
593,2023/6/1,16:30-17:00,立水桥,大屯路东,13.0,立水桥-大屯路东
594,2023/6/1,16:30-17:00,苏州街,牡丹园,18.0,苏州街-牡丹园
595,2023/6/1,16:30-17:00,西二旗,六道口,11.0,西二旗-六道口
596,2023/6/1,16:30-17:00,西二旗,奥林匹克公园,16.0,西二旗-奥林匹克公园
597,2023/6/1,16:30-17:00,金台夕照,惠新西街南口,5.0,金台夕照-惠新西街南口
598,2023/6/1,16:30-17:00,金鱼胡同,北土城,21.0,金鱼胡同-北土城
599,2023/6/1,16:30-17:00,金鱼胡同,奥林匹克公园,18.0,金鱼胡同-奥林匹克公园
600,2023/6/1,17:00-17:30,东单,大屯路东,2.0,东单-大屯路东
601,2023/6/1,17:00-17:30,中国美术馆,奥林匹克公园,7.0,中国美术馆-奥林匹克公园
602,2023/6/1,17:00-17:30,什刹海,北土城,9.0,什刹海-北土城
603,2023/6/1,17:00-17:30,什刹海,奥林匹克公园,3.0,什刹海-奥林匹克公园
604,2023/6/1,17:00-17:30,六道口,奥林匹克公园,12.0,六道口-奥林匹克公园
605,2023/6/1,17:00-17:30,前门,奥林匹克公园,9.0,前门-奥林匹克公园
606,2023/6/1,17:00-17:30,北京站,北土城,8.0,北京站-北土城
607,2023/6/1,17:00-17:30,北京西站,奥林匹克公园,5.0,北京西站-奥林匹克公园
608,2023/6/1,17:00-17:30,南锣鼓巷,奥林匹克公园,1.0,南锣鼓巷-奥林匹克公园
609,2023/6/1,17:00-17:30,国贸,惠新西街南口,9.0,国贸-惠新西街南口
610,2023/6/1,17:00-17:30,天通苑,奥林匹克公园,16.0,天通苑-奥林匹克公园
611,2023/6/1,17:00-17:30,奥林匹克公园,六道口,32.0,奥林匹克公园-六道口
612,2023/6/1,17:00-17:30,奥林匹克公园,北土城,37.0,奥林匹克公园-北土城
613,2023/6/1,17:00-17:30,海淀黄庄,北土城,47.0,海淀黄庄-北土城
614,2023/6/1,17:00-17:30,海淀黄庄,奥林匹克公园,32.0,海淀黄庄-奥林匹克公园
615,2023/6/1,17:00-17:30,海淀黄庄,牡丹园,33.0,海淀黄庄-牡丹园
616,2023/6/1,17:00-17:30,清华东路西口,奥林匹克公园,4.0,清华东路西口-奥林匹克公园
617,2023/6/1,17:00-17:30,王府井,奥林匹克公园,2.0,王府井-奥林匹克公园
618,2023/6/1,17:00-17:30,立水桥,大屯路东,5.0,立水桥-大屯路东
619,2023/6/1,17:00-17:30,苏州街,牡丹园,13.0,苏州街-牡丹园
620,2023/6/1,17:00-17:30,西二旗,六道口,19.0,西二旗-六道口
621,2023/6/1,17:00-17:30,西二旗,奥林匹克公园,18.0,西二旗-奥林匹克公园
622,2023/6/1,17:00-17:30,金台夕照,惠新西街南口,20.0,金台夕照-惠新西街南口
623,2023/6/1,17:00-17:30,金鱼胡同,北土城,14.0,金鱼胡同-北土城
624,2023/6/1,17:00-17:30,金鱼胡同,奥林匹克公园,16.0,金鱼胡同-奥林匹克公园
625,2023/6/1,17:30-18:00,东单,大屯路东,12.0,东单-大屯路东
626,2023/6/1,17:30-18:00,中国美术馆,奥林匹克公园,12.0,中国美术馆-奥林匹克公园
627,2023/6/1,17:30-18:00,什刹海,北土城,3.0,什刹海-北土城
628,2023/6/1,17:30-18:00,什刹海,奥林匹克公园,45.0,什刹海-奥林匹克公园
629,2023/6/1,17:30-18:00,六道口,奥林匹克公园,64.0,六道口-奥林匹克公园
630,2023/6/1,17:30-18:00,前门,奥林匹克公园,49.0,前门-奥林匹克公园
631,2023/6/1,17:30-18:00,北京站,北土城,50.0,北京站-北土城
632,2023/6/1,17:30-18:00,北京西站,奥林匹克公园,88.0,北京西站-奥林匹克公园
633,2023/6/1,17:30-18:00,南锣鼓巷,奥林匹克公园,78.0,南锣鼓巷-奥林匹克公园
634,2023/6/1,17:30-18:00,国贸,惠新西街南口,57.0,国贸-惠新西街南口
635,2023/6/1,17:30-18:00,天通苑,奥林匹克公园,0.0,天通苑-奥林匹克公园
636,2023/6/1,17:30-18:00,奥林匹克公园,六道口,1.0,奥林匹克公园-六道口
637,2023/6/1,17:30-18:00,奥林匹克公园,北土城,28.0,奥林匹克公园-北土城
638,2023/6/1,17:30-18:00,海淀黄庄,北土城,51.0,海淀黄庄-北土城
639,2023/6/1,17:30-18:00,海淀黄庄,奥林匹克公园,96.0,海淀黄庄-奥林匹克公园
640,2023/6/1,17:30-18:00,海淀黄庄,牡丹园,79.0,海淀黄庄-牡丹园
641,2023/6/1,17:30-18:00,清华东路西口,奥林匹克公园,96.0,清华东路西口-奥林匹克公园
642,2023/6/1,17:30-18:00,王府井,奥林匹克公园,26.0,王府井-奥林匹克公园
643,2023/6/1,17:30-18:00,立水桥,大屯路东,67.0,立水桥-大屯路东
644,2023/6/1,17:30-18:00,苏州街,牡丹园,8.0,苏州街-牡丹园
645,2023/6/1,17:30-18:00,西二旗,六道口,4.0,西二旗-六道口
646,2023/6/1,17:30-18:00,西二旗,奥林匹克公园,2.0,西二旗-奥林匹克公园
647,2023/6/1,17:30-18:00,金台夕照,惠新西街南口,4.0,金台夕照-惠新西街南口
648,2023/6/1,17:30-18:00,金鱼胡同,北土城,10.0,金鱼胡同-北土城
649,2023/6/1,17:30-18:00,金鱼胡同,奥林匹克公园,5.0,金鱼胡同-奥林匹克公园
650,2023/6/1,18:00-18:30,东单,大屯路东,12.0,东单-大屯路东
651,2023/6/1,18:00-18:30,中国美术馆,奥林匹克公园,11.0,中国美术馆-奥林匹克公园
652,2023/6/1,18:00-18:30,什刹海,北土城,8.0,什刹海-北土城
653,2023/6/1,18:00-18:30,什刹海,奥林匹克公园,6.0,什刹海-奥林匹克公园
654,2023/6/1,18:00-18:30,六道口,奥林匹克公园,3.0,六道口-奥林匹克公园
655,2023/6/1,18:00-18:30,前门,奥林匹克公园,3.0,前门-奥林匹克公园
656,2023/6/1,18:00-18:30,北京站,北土城,2.0,北京站-北土城
657,2023/6/1,18:00-18:30,北京西站,奥林匹克公园,3.0,北京西站-奥林匹克公园
658,2023/6/1,18:00-18:30,南锣鼓巷,奥林匹克公园,5.0,南锣鼓巷-奥林匹克公园
659,2023/6/1,18:00-18:30,国贸,惠新西街南口,0.0,国贸-惠新西街南口
660,2023/6/1,18:00-18:30,天通苑,奥林匹克公园,4.0,天通苑-奥林匹克公园
661,2023/6/1,18:00-18:30,奥林匹克公园,六道口,10.0,奥林匹克公园-六道口
662,2023/6/1,18:00-18:30,奥林匹克公园,北土城,9.0,奥林匹克公园-北土城
663,2023/6/1,18:00-18:30,海淀黄庄,北土城,7.0,海淀黄庄-北土城
664,2023/6/1,18:00-18:30,海淀黄庄,奥林匹克公园,3.0,海淀黄庄-奥林匹克公园
665,2023/6/1,18:00-18:30,海淀黄庄,牡丹园,2.0,海淀黄庄-牡丹园
666,2023/6/1,18:00-18:30,清华东路西口,奥林匹克公园,2.0,清华东路西口-奥林匹克公园
667,2023/6/1,18:00-18:30,王府井,奥林匹克公园,6.0,王府井-奥林匹克公园
668,2023/6/1,18:00-18:30,立水桥,大屯路东,4.0,立水桥-大屯路东
669,2023/6/1,18:00-18:30,苏州街,牡丹园,2.0,苏州街-牡丹园
670,2023/6/1,18:00-18:30,西二旗,六道口,14.0,西二旗-六道口
671,2023/6/1,18:00-18:30,西二旗,奥林匹克公园,3.0,西二旗-奥林匹克公园
672,2023/6/1,18:00-18:30,金台夕照,惠新西街南口,11.0,金台夕照-惠新西街南口
673,2023/6/1,18:00-18:30,金鱼胡同,北土城,4.0,金鱼胡同-北土城
674,2023/6/1,18:00-18:30,金鱼胡同,奥林匹克公园,0.0,金鱼胡同-奥林匹克公园
675,2023/6/1,21:30-22:00,六道口,学院桥,0.0,六道口-学院桥
676,2023/6/1,21:30-22:00,六道口,沙河,4.0,六道口-沙河
677,2023/6/1,21:30-22:00,北土城,北京站,16.0,北土城-北京站
678,2023/6/1,21:30-22:00,北土城,十里河,19.0,北土城-十里河
679,2023/6/1,21:30-22:00,北土城,团结湖,27.0,北土城-团结湖
680,2023/6/1,21:30-22:00,北土城,牡丹园,32.0,北土城-牡丹园
681,2023/6/1,21:30-22:00,北土城,车道沟,32.0,北土城-车道沟
682,2023/6/1,21:30-22:00,大屯路东,天通苑,20.0,大屯路东-天通苑
683,2023/6/1,21:30-22:00,大屯路东,天通苑北,22.0,大屯路东-天通苑北
684,2023/6/1,21:30-22:00,奥林匹克公园,东单,1.0,奥林匹克公园-东单
685,2023/6/1,21:30-22:00,奥林匹克公园,六道口,0.0,奥林匹克公园-六道口
686,2023/6/1,21:30-22:00,奥林匹克公园,北京站,2.0,奥林匹克公园-北京站
687,2023/6/1,21:30-22:00,奥林匹克公园,回龙观东大街,4.0,奥林匹克公园-回龙观东大街
688,2023/6/1,21:30-22:00,奥林匹克公园,望京,0.0,奥林匹克公园-望京
689,2023/6/1,21:30-22:00,奥林匹克公园,永泰庄,3.0,奥林匹克公园-永泰庄
690,2023/6/1,21:30-22:00,奥林匹克公园,海淀黄庄,7.0,奥林匹克公园-海淀黄庄
691,2023/6/1,21:30-22:00,奥林匹克公园,清华东路西口,3.0,奥林匹克公园-清华东路西口
692,2023/6/1,21:30-22:00,奥林匹克公园,王府井,5.0,奥林匹克公园-王府井
693,2023/6/1,21:30-22:00,奥林匹克公园,珠市口,0.0,奥林匹克公园-珠市口
694,2023/6/1,21:30-22:00,奥林匹克公园,西二旗,7.0,奥林匹克公园-西二旗
695,2023/6/1,21:30-22:00,奥林匹克公园,鼓楼大街,5.0,奥林匹克公园-鼓楼大街
696,2023/6/1,21:30-22:00,惠新西街南口,天通苑,16.0,惠新西街南口-天通苑
697,2023/6/1,21:30-22:00,惠新西街南口,天通苑北,18.0,惠新西街南口-天通苑北
698,2023/6/1,21:30-22:00,牡丹园,天通苑,11.0,牡丹园-天通苑
699,2023/6/1,21:30-22:00,牡丹园,天通苑北,9.0,牡丹园-天通苑北
700,2023/6/1,22:00-22:30,六道口,学院桥,17.0,六道口-学院桥
701,2023/6/1,22:00-22:30,六道口,沙河,5.0,六道口-沙河
702,2023/6/1,22:00-22:30,北土城,北京站,2.0,北土城-北京站
703,2023/6/1,22:00-22:30,北土城,十里河,1.0,北土城-十里河
704,2023/6/1,22:00-22:30,北土城,团结湖,35.0,北土城-团结湖
705,2023/6/1,22:00-22:30,北土城,牡丹园,94.0,北土城-牡丹园
706,2023/6/1,22:00-22:30,北土城,车道沟,100.0,北土城-车道沟
707,2023/6/1,22:00-22:30,大屯路东,天通苑,143.0,大屯路东-天通苑
708,2023/6/1,22:00-22:30,大屯路东,天通苑北,121.0,大屯路东-天通苑北
709,2023/6/1,22:00-22:30,奥林匹克公园,东单,83.0,奥林匹克公园-东单
710,2023/6/1,22:00-22:30,奥林匹克公园,六道口,67.0,奥林匹克公园-六道口
711,2023/6/1,22:00-22:30,奥林匹克公园,北京站,3.0,奥林匹克公园-北京站
712,2023/6/1,22:00-22:30,奥林匹克公园,回龙观东大街,6.0,奥林匹克公园-回龙观东大街
713,2023/6/1,22:00-22:30,奥林匹克公园,望京,0.0,奥林匹克公园-望京
714,2023/6/1,22:00-22:30,奥林匹克公园,永泰庄,6.0,奥林匹克公园-永泰庄
715,2023/6/1,22:00-22:30,奥林匹克公园,海淀黄庄,1.0,奥林匹克公园-海淀黄庄
716,2023/6/1,22:00-22:30,奥林匹克公园,清华东路西口,4.0,奥林匹克公园-清华东路西口
717,2023/6/1,22:00-22:30,奥林匹克公园,王府井,3.0,奥林匹克公园-王府井
718,2023/6/1,22:00-22:30,奥林匹克公园,珠市口,6.0,奥林匹克公园-珠市口
719,2023/6/1,22:00-22:30,奥林匹克公园,西二旗,6.0,奥林匹克公园-西二旗
720,2023/6/1,22:00-22:30,奥林匹克公园,鼓楼大街,5.0,奥林匹克公园-鼓楼大街
721,2023/6/1,22:00-22:30,惠新西街南口,天通苑,1.0,惠新西街南口-天通苑
722,2023/6/1,22:00-22:30,惠新西街南口,天通苑北,0.0,惠新西街南口-天通苑北
723,2023/6/1,22:00-22:30,牡丹园,天通苑,3.0,牡丹园-天通苑
724,2023/6/1,22:00-22:30,牡丹园,天通苑北,14.0,牡丹园-天通苑北
725,2023/6/1,22:30-23:00,六道口,学院桥,59.0,六道口-学院桥
726,2023/6/1,22:30-23:00,六道口,沙河,102.0,六道口-沙河
727,2023/6/1,22:30-23:00,北土城,北京站,106.0,北土城-北京站
728,2023/6/1,22:30-23:00,北土城,十里河,138.0,北土城-十里河
729,2023/6/1,22:30-23:00,北土城,团结湖,40.0,北土城-团结湖
730,2023/6/1,22:30-23:00,北土城,牡丹园,37.0,北土城-牡丹园
731,2023/6/1,22:30-23:00,北土城,车道沟,5.0,北土城-车道沟
732,2023/6/1,22:30-23:00,大屯路东,天通苑,9.0,大屯路东-天通苑
733,2023/6/1,22:30-23:00,大屯路东,天通苑北,3.0,大屯路东-天通苑北
734,2023/6/1,22:30-23:00,奥林匹克公园,东单,3.0,奥林匹克公园-东单
735,2023/6/1,22:30-23:00,奥林匹克公园,六道口,47.0,奥林匹克公园-六道口
736,2023/6/1,22:30-23:00,奥林匹克公园,北京站,43.0,奥林匹克公园-北京站
737,2023/6/1,22:30-23:00,奥林匹克公园,回龙观东大街,51.0,奥林匹克公园-回龙观东大街
738,2023/6/1,22:30-23:00,奥林匹克公园,望京,18.0,奥林匹克公园-望京
739,2023/6/1,22:30-23:00,奥林匹克公园,永泰庄,52.0,奥林匹克公园-永泰庄
740,2023/6/1,22:30-23:00,奥林匹克公园,海淀黄庄,8.0,奥林匹克公园-海淀黄庄
741,2023/6/1,22:30-23:00,奥林匹克公园,清华东路西口,3.0,奥林匹克公园-清华东路西口
742,2023/6/1,22:30-23:00,奥林匹克公园,王府井,4.0,奥林匹克公园-王府井
743,2023/6/1,22:30-23:00,奥林匹克公园,珠市口,5.0,奥林匹克公园-珠市口
744,2023/6/1,22:30-23:00,奥林匹克公园,西二旗,42.0,奥林匹克公园-西二旗
745,2023/6/1,22:30-23:00,奥林匹克公园,鼓楼大街,95.0,奥林匹克公园-鼓楼大街
746,2023/6/1,22:30-23:00,惠新西街南口,天通苑,190.0,惠新西街南口-天通苑
747,2023/6/1,22:30-23:00,惠新西街南口,天通苑北,214.0,惠新西街南口-天通苑北
748,2023/6/1,22:30-23:00,牡丹园,天通苑,225.0,牡丹园-天通苑
749,2023/6/1,22:30-23:00,牡丹园,天通苑北,158.0,牡丹园-天通苑北
750,2023/6/3,15:00-15:30,东单,大屯路东,177.0,东单-大屯路东
751,2023/6/3,15:00-15:30,中国美术馆,奥林匹克公园,11.0,中国美术馆-奥林匹克公园
752,2023/6/3,15:00-15:30,什刹海,北土城,10.0,什刹海-北土城
753,2023/6/3,15:00-15:30,什刹海,奥林匹克公园,9.0,什刹海-奥林匹克公园
754,2023/6/3,15:00-15:30,六道口,奥林匹克公园,58.0,六道口-奥林匹克公园
755,2023/6/3,15:00-15:30,前门,奥林匹克公园,40.0,前门-奥林匹克公园
756,2023/6/3,15:00-15:30,北京站,北土城,85.0,北京站-北土城
757,2023/6/3,15:00-15:30,北京西站,奥林匹克公园,103.0,北京西站-奥林匹克公园
758,2023/6/3,15:00-15:30,南锣鼓巷,奥林匹克公园,133.0,南锣鼓巷-奥林匹克公园
759,2023/6/3,15:00-15:30,国贸,惠新西街南口,95.0,国贸-惠新西街南口
760,2023/6/3,15:00-15:30,天通苑,奥林匹克公园,116.0,天通苑-奥林匹克公园
761,2023/6/3,15:00-15:30,奥林匹克公园,六道口,9.0,奥林匹克公园-六道口
762,2023/6/3,15:00-15:30,奥林匹克公园,北土城,7.0,奥林匹克公园-北土城
763,2023/6/3,15:00-15:30,海淀黄庄,北土城,2.0,海淀黄庄-北土城
764,2023/6/3,15:00-15:30,海淀黄庄,奥林匹克公园,15.0,海淀黄庄-奥林匹克公园
765,2023/6/3,15:00-15:30,海淀黄庄,牡丹园,82.0,海淀黄庄-牡丹园
766,2023/6/3,15:00-15:30,清华东路西口,奥林匹克公园,106.0,清华东路西口-奥林匹克公园
767,2023/6/3,15:00-15:30,王府井,奥林匹克公园,147.0,王府井-奥林匹克公园
768,2023/6/3,15:00-15:30,立水桥,大屯路东,85.0,立水桥-大屯路东
769,2023/6/3,15:00-15:30,苏州街,牡丹园,58.0,苏州街-牡丹园
770,2023/6/3,15:00-15:30,西二旗,六道口,67.0,西二旗-六道口
771,2023/6/3,15:00-15:30,西二旗,奥林匹克公园,3.0,西二旗-奥林匹克公园
772,2023/6/3,15:00-15:30,金台夕照,惠新西街南口,6.0,金台夕照-惠新西街南口
773,2023/6/3,15:00-15:30,金鱼胡同,北土城,8.0,金鱼胡同-北土城
774,2023/6/3,15:00-15:30,金鱼胡同,奥林匹克公园,0.0,金鱼胡同-奥林匹克公园
775,2023/6/3,15:30-16:00,东单,大屯路东,2.0,东单-大屯路东
776,2023/6/3,15:30-16:00,中国美术馆,奥林匹克公园,1.0,中国美术馆-奥林匹克公园
777,2023/6/3,15:30-16:00,什刹海,北土城,2.0,什刹海-北土城
778,2023/6/3,15:30-16:00,什刹海,奥林匹克公园,1.0,什刹海-奥林匹克公园
779,2023/6/3,15:30-16:00,六道口,奥林匹克公园,1.0,六道口-奥林匹克公园
780,2023/6/3,15:30-16:00,前门,奥林匹克公园,0.0,前门-奥林匹克公园
781,2023/6/3,15:30-16:00,北京站,北土城,52.0,北京站-北土城
782,2023/6/3,15:30-16:00,北京西站,奥林匹克公园,80.0,北京西站-奥林匹克公园
783,2023/6/3,15:30-16:00,南锣鼓巷,奥林匹克公园,88.0,南锣鼓巷-奥林匹克公园
784,2023/6/3,15:30-16:00,国贸,惠新西街南口,57.0,国贸-惠新西街南口
785,2023/6/3,15:30-16:00,天通苑,奥林匹克公园,32.0,天通苑-奥林匹克公园
786,2023/6/3,15:30-16:00,奥林匹克公园,六道口,9.0,奥林匹克公园-六道口
787,2023/6/3,15:30-16:00,奥林匹克公园,北土城,19.0,奥林匹克公园-北土城
788,2023/6/3,15:30-16:00,海淀黄庄,北土城,0.0,海淀黄庄-北土城
789,2023/6/3,15:30-16:00,海淀黄庄,奥林匹克公园,2.0,海淀黄庄-奥林匹克公园
790,2023/6/3,15:30-16:00,海淀黄庄,牡丹园,2.0,海淀黄庄-牡丹园
791,2023/6/3,15:30-16:00,清华东路西口,奥林匹克公园,21.0,清华东路西口-奥林匹克公园
792,2023/6/3,15:30-16:00,王府井,奥林匹克公园,51.0,王府井-奥林匹克公园
793,2023/6/3,15:30-16:00,立水桥,大屯路东,100.0,立水桥-大屯路东
794,2023/6/3,15:30-16:00,苏州街,牡丹园,130.0,苏州街-牡丹园
795,2023/6/3,15:30-16:00,西二旗,六道口,86.0,西二旗-六道口
796,2023/6/3,15:30-16:00,西二旗,奥林匹克公园,86.0,西二旗-奥林匹克公园
797,2023/6/3,15:30-16:00,金台夕照,惠新西街南口,51.0,金台夕照-惠新西街南口
798,2023/6/3,15:30-16:00,金鱼胡同,北土城,9.0,金鱼胡同-北土城
799,2023/6/3,15:30-16:00,金鱼胡同,奥林匹克公园,6.0,金鱼胡同-奥林匹克公园
800,2023/6/3,16:00-16:30,东单,大屯路东,5.0,东单-大屯路东
801,2023/6/3,16:00-16:30,中国美术馆,奥林匹克公园,4.0,中国美术馆-奥林匹克公园
802,2023/6/3,16:00-16:30,什刹海,北土城,4.0,什刹海-北土城
803,2023/6/3,16:00-16:30,什刹海,奥林匹克公园,10.0,什刹海-奥林匹克公园
804,2023/6/3,16:00-16:30,六道口,奥林匹克公园,5.0,六道口-奥林匹克公园
805,2023/6/3,16:00-16:30,前门,奥林匹克公园,14.0,前门-奥林匹克公园
806,2023/6/3,16:00-16:30,北京站,北土城,3.0,北京站-北土城
807,2023/6/3,16:00-16:30,北京西站,奥林匹克公园,8.0,北京西站-奥林匹克公园
808,2023/6/3,16:00-16:30,南锣鼓巷,奥林匹克公园,7.0,南锣鼓巷-奥林匹克公园
809,2023/6/3,16:00-16:30,国贸,惠新西街南口,1.0,国贸-惠新西街南口
810,2023/6/3,16:00-16:30,天通苑,奥林匹克公园,2.0,天通苑-奥林匹克公园
811,2023/6/3,16:00-16:30,奥林匹克公园,六道口,24.0,奥林匹克公园-六道口
812,2023/6/3,16:00-16:30,奥林匹克公园,北土城,17.0,奥林匹克公园-北土城
813,2023/6/3,16:00-16:30,海淀黄庄,北土城,28.0,海淀黄庄-北土城
814,2023/6/3,16:00-16:30,海淀黄庄,奥林匹克公园,25.0,海淀黄庄-奥林匹克公园
815,2023/6/3,16:00-16:30,海淀黄庄,牡丹园,36.0,海淀黄庄-牡丹园
816,2023/6/3,16:00-16:30,清华东路西口,奥林匹克公园,11.0,清华东路西口-奥林匹克公园
817,2023/6/3,16:00-16:30,王府井,奥林匹克公园,15.0,王府井-奥林匹克公园
818,2023/6/3,16:00-16:30,立水桥,大屯路东,13.0,立水桥-大屯路东
819,2023/6/3,16:00-16:30,苏州街,牡丹园,29.0,苏州街-牡丹园
820,2023/6/3,16:00-16:30,西二旗,六道口,33.0,西二旗-六道口
821,2023/6/3,16:00-16:30,西二旗,奥林匹克公园,40.0,西二旗-奥林匹克公园
822,2023/6/3,16:00-16:30,金台夕照,惠新西街南口,43.0,金台夕照-惠新西街南口
823,2023/6/3,16:00-16:30,金鱼胡同,北土城,26.0,金鱼胡同-北土城
824,2023/6/3,16:00-16:30,金鱼胡同,奥林匹克公园,35.0,金鱼胡同-奥林匹克公园
825,2023/6/3,16:30-17:00,东单,大屯路东,47.0,东单-大屯路东
826,2023/6/3,16:30-17:00,中国美术馆,奥林匹克公园,103.0,中国美术馆-奥林匹克公园
827,2023/6/3,16:30-17:00,什刹海,北土城,49.0,什刹海-北土城
828,2023/6/3,16:30-17:00,什刹海,奥林匹克公园,7.0,什刹海-奥林匹克公园
829,2023/6/3,16:30-17:00,六道口,奥林匹克公园,5.0,六道口-奥林匹克公园
830,2023/6/3,16:30-17:00,前门,奥林匹克公园,11.0,前门-奥林匹克公园
831,2023/6/3,16:30-17:00,北京站,北土城,13.0,北京站-北土城
832,2023/6/3,16:30-17:00,北京西站,奥林匹克公园,18.0,北京西站-奥林匹克公园
833,2023/6/3,16:30-17:00,南锣鼓巷,奥林匹克公园,11.0,南锣鼓巷-奥林匹克公园
834,2023/6/3,16:30-17:00,国贸,惠新西街南口,16.0,国贸-惠新西街南口
835,2023/6/3,16:30-17:00,天通苑,奥林匹克公园,5.0,天通苑-奥林匹克公园
836,2023/6/3,16:30-17:00,奥林匹克公园,六道口,21.0,奥林匹克公园-六道口
837,2023/6/3,16:30-17:00,奥林匹克公园,北土城,18.0,奥林匹克公园-北土城
838,2023/6/3,16:30-17:00,海淀黄庄,北土城,2.0,海淀黄庄-北土城
839,2023/6/3,16:30-17:00,海淀黄庄,奥林匹克公园,7.0,海淀黄庄-奥林匹克公园
840,2023/6/3,16:30-17:00,海淀黄庄,牡丹园,9.0,海淀黄庄-牡丹园
841,2023/6/3,16:30-17:00,清华东路西口,奥林匹克公园,3.0,清华东路西口-奥林匹克公园
842,2023/6/3,16:30-17:00,王府井,奥林匹克公园,12.0,王府井-奥林匹克公园
843,2023/6/3,16:30-17:00,立水桥,大屯路东,9.0,立水桥-大屯路东
844,2023/6/3,16:30-17:00,苏州街,牡丹园,8.0,苏州街-牡丹园
845,2023/6/3,16:30-17:00,西二旗,六道口,5.0,西二旗-六道口
846,2023/6/3,16:30-17:00,西二旗,奥林匹克公园,1.0,西二旗-奥林匹克公园
847,2023/6/3,16:30-17:00,金台夕照,惠新西街南口,9.0,金台夕照-惠新西街南口
848,2023/6/3,16:30-17:00,金鱼胡同,北土城,16.0,金鱼胡同-北土城
849,2023/6/3,16:30-17:00,金鱼胡同,奥林匹克公园,32.0,金鱼胡同-奥林匹克公园
850,2023/6/3,17:00-17:30,东单,大屯路东,37.0,东单-大屯路东
851,2023/6/3,17:00-17:30,中国美术馆,奥林匹克公园,47.0,中国美术馆-奥林匹克公园
852,2023/6/3,17:00-17:30,什刹海,北土城,32.0,什刹海-北土城
853,2023/6/3,17:00-17:30,什刹海,奥林匹克公园,33.0,什刹海-奥林匹克公园
854,2023/6/3,17:00-17:30,六道口,奥林匹克公园,4.0,六道口-奥林匹克公园
855,2023/6/3,17:00-17:30,前门,奥林匹克公园,2.0,前门-奥林匹克公园
856,2023/6/3,17:00-17:30,北京站,北土城,5.0,北京站-北土城
857,2023/6/3,17:00-17:30,北京西站,奥林匹克公园,13.0,北京西站-奥林匹克公园
858,2023/6/3,17:00-17:30,南锣鼓巷,奥林匹克公园,19.0,南锣鼓巷-奥林匹克公园
859,2023/6/3,17:00-17:30,国贸,惠新西街南口,18.0,国贸-惠新西街南口
860,2023/6/3,17:00-17:30,天通苑,奥林匹克公园,20.0,天通苑-奥林匹克公园
861,2023/6/3,17:00-17:30,奥林匹克公园,六道口,14.0,奥林匹克公园-六道口
862,2023/6/3,17:00-17:30,奥林匹克公园,北土城,16.0,奥林匹克公园-北土城
863,2023/6/3,17:00-17:30,海淀黄庄,北土城,12.0,海淀黄庄-北土城
864,2023/6/3,17:00-17:30,海淀黄庄,奥林匹克公园,12.0,海淀黄庄-奥林匹克公园
865,2023/6/3,17:00-17:30,海淀黄庄,牡丹园,3.0,海淀黄庄-牡丹园
866,2023/6/3,17:00-17:30,清华东路西口,奥林匹克公园,45.0,清华东路西口-奥林匹克公园
867,2023/6/3,17:00-17:30,王府井,奥林匹克公园,64.0,王府井-奥林匹克公园
868,2023/6/3,17:00-17:30,立水桥,大屯路东,49.0,立水桥-大屯路东
869,2023/6/3,17:00-17:30,苏州街,牡丹园,50.0,苏州街-牡丹园
870,2023/6/3,17:00-17:30,西二旗,六道口,88.0,西二旗-六道口
871,2023/6/3,17:00-17:30,西二旗,奥林匹克公园,78.0,西二旗-奥林匹克公园
872,2023/6/3,17:00-17:30,金台夕照,惠新西街南口,57.0,金台夕照-惠新西街南口
873,2023/6/3,17:00-17:30,金鱼胡同,北土城,0.0,金鱼胡同-北土城
874,2023/6/3,17:00-17:30,金鱼胡同,奥林匹克公园,1.0,金鱼胡同-奥林匹克公园
875,2023/6/3,17:30-18:00,东单,大屯路东,28.0,东单-大屯路东
876,2023/6/3,17:30-18:00,中国美术馆,奥林匹克公园,51.0,中国美术馆-奥林匹克公园
877,2023/6/3,17:30-18:00,什刹海,北土城,96.0,什刹海-北土城
878,2023/6/3,17:30-18:00,什刹海,奥林匹克公园,79.0,什刹海-奥林匹克公园
879,2023/6/3,17:30-18:00,六道口,奥林匹克公园,96.0,六道口-奥林匹克公园
880,2023/6/3,17:30-18:00,前门,奥林匹克公园,26.0,前门-奥林匹克公园
881,2023/6/3,17:30-18:00,北京站,北土城,67.0,北京站-北土城
882,2023/6/3,17:30-18:00,北京西站,奥林匹克公园,8.0,北京西站-奥林匹克公园
883,2023/6/3,17:30-18:00,南锣鼓巷,奥林匹克公园,4.0,南锣鼓巷-奥林匹克公园
884,2023/6/3,17:30-18:00,国贸,惠新西街南口,2.0,国贸-惠新西街南口
885,2023/6/3,17:30-18:00,天通苑,奥林匹克公园,4.0,天通苑-奥林匹克公园
886,2023/6/3,17:30-18:00,奥林匹克公园,六道口,10.0,奥林匹克公园-六道口
887,2023/6/3,17:30-18:00,奥林匹克公园,北土城,5.0,奥林匹克公园-北土城
888,2023/6/3,17:30-18:00,海淀黄庄,北土城,12.0,海淀黄庄-北土城
889,2023/6/3,17:30-18:00,海淀黄庄,奥林匹克公园,11.0,海淀黄庄-奥林匹克公园
890,2023/6/3,17:30-18:00,海淀黄庄,牡丹园,8.0,海淀黄庄-牡丹园
891,2023/6/3,17:30-18:00,清华东路西口,奥林匹克公园,6.0,清华东路西口-奥林匹克公园
892,2023/6/3,17:30-18:00,王府井,奥林匹克公园,3.0,王府井-奥林匹克公园
893,2023/6/3,17:30-18:00,立水桥,大屯路东,3.0,立水桥-大屯路东
894,2023/6/3,17:30-18:00,苏州街,牡丹园,2.0,苏州街-牡丹园
895,2023/6/3,17:30-18:00,西二旗,六道口,3.0,西二旗-六道口
896,2023/6/3,17:30-18:00,西二旗,奥林匹克公园,5.0,西二旗-奥林匹克公园
897,2023/6/3,17:30-18:00,金台夕照,惠新西街南口,0.0,金台夕照-惠新西街南口
898,2023/6/3,17:30-18:00,金鱼胡同,北土城,4.0,金鱼胡同-北土城
899,2023/6/3,17:30-18:00,金鱼胡同,奥林匹克公园,10.0,金鱼胡同-奥林匹克公园
900,2023/6/3,18:00-18:30,东单,大屯路东,9.0,东单-大屯路东
901,2023/6/3,18:00-18:30,中国美术馆,奥林匹克公园,7.0,中国美术馆-奥林匹克公园
902,2023/6/3,18:00-18:30,什刹海,北土城,3.0,什刹海-北土城
903,2023/6/3,18:00-18:30,什刹海,奥林匹克公园,2.0,什刹海-奥林匹克公园
904,2023/6/3,18:00-18:30,六道口,奥林匹克公园,2.0,六道口-奥林匹克公园
905,2023/6/3,18:00-18:30,前门,奥林匹克公园,6.0,前门-奥林匹克公园
906,2023/6/3,18:00-18:30,北京站,北土城,4.0,北京站-北土城
907,2023/6/3,18:00-18:30,北京西站,奥林匹克公园,2.0,北京西站-奥林匹克公园
908,2023/6/3,18:00-18:30,南锣鼓巷,奥林匹克公园,14.0,南锣鼓巷-奥林匹克公园
909,2023/6/3,18:00-18:30,国贸,惠新西街南口,3.0,国贸-惠新西街南口
910,2023/6/3,18:00-18:30,天通苑,奥林匹克公园,11.0,天通苑-奥林匹克公园
911,2023/6/3,18:00-18:30,奥林匹克公园,六道口,4.0,奥林匹克公园-六道口
912,2023/6/3,18:00-18:30,奥林匹克公园,北土城,0.0,奥林匹克公园-北土城
913,2023/6/3,18:00-18:30,海淀黄庄,北土城,0.0,海淀黄庄-北土城
914,2023/6/3,18:00-18:30,海淀黄庄,奥林匹克公园,4.0,海淀黄庄-奥林匹克公园
915,2023/6/3,18:00-18:30,海淀黄庄,牡丹园,16.0,海淀黄庄-牡丹园
916,2023/6/3,18:00-18:30,清华东路西口,奥林匹克公园,19.0,清华东路西口-奥林匹克公园
917,2023/6/3,18:00-18:30,王府井,奥林匹克公园,27.0,王府井-奥林匹克公园
918,2023/6/3,18:00-18:30,立水桥,大屯路东,32.0,立水桥-大屯路东
919,2023/6/3,18:00-18:30,苏州街,牡丹园,32.0,苏州街-牡丹园
920,2023/6/3,18:00-18:30,西二旗,六道口,20.0,西二旗-六道口
921,2023/6/3,18:00-18:30,西二旗,奥林匹克公园,22.0,西二旗-奥林匹克公园
922,2023/6/3,18:00-18:30,金台夕照,惠新西街南口,1.0,金台夕照-惠新西街南口
923,2023/6/3,18:00-18:30,金鱼胡同,北土城,0.0,金鱼胡同-北土城
924,2023/6/3,18:00-18:30,金鱼胡同,奥林匹克公园,2.0,金鱼胡同-奥林匹克公园
925,2023/6/3,21:30-22:00,六道口,学院桥,4.0,六道口-学院桥
926,2023/6/3,21:30-22:00,六道口,沙河,0.0,六道口-沙河
927,2023/6/3,21:30-22:00,北土城,北京站,3.0,北土城-北京站
928,2023/6/3,21:30-22:00,北土城,十里河,7.0,北土城-十里河
929,2023/6/3,21:30-22:00,北土城,团结湖,3.0,北土城-团结湖
930,2023/6/3,21:30-22:00,北土城,牡丹园,5.0,北土城-牡丹园
931,2023/6/3,21:30-22:00,北土城,车道沟,0.0,北土城-车道沟
932,2023/6/3,21:30-22:00,大屯路东,天通苑,7.0,大屯路东-天通苑
933,2023/6/3,21:30-22:00,大屯路东,天通苑北,5.0,大屯路东-天通苑北
934,2023/6/3,21:30-22:00,奥林匹克公园,东单,16.0,奥林匹克公园-东单
935,2023/6/3,21:30-22:00,奥林匹克公园,六道口,18.0,奥林匹克公园-六道口
936,2023/6/3,21:30-22:00,奥林匹克公园,北京站,11.0,奥林匹克公园-北京站
937,2023/6/3,21:30-22:00,奥林匹克公园,回龙观东大街,9.0,奥林匹克公园-回龙观东大街
938,2023/6/3,21:30-22:00,奥林匹克公园,望京,17.0,奥林匹克公园-望京
939,2023/6/3,21:30-22:00,奥林匹克公园,永泰庄,5.0,奥林匹克公园-永泰庄
940,2023/6/3,21:30-22:00,奥林匹克公园,海淀黄庄,2.0,奥林匹克公园-海淀黄庄
941,2023/6/3,21:30-22:00,奥林匹克公园,清华东路西口,1.0,奥林匹克公园-清华东路西口
942,2023/6/3,21:30-22:00,奥林匹克公园,王府井,35.0,奥林匹克公园-王府井
943,2023/6/3,21:30-22:00,奥林匹克公园,珠市口,94.0,奥林匹克公园-珠市口
944,2023/6/3,21:30-22:00,奥林匹克公园,西二旗,100.0,奥林匹克公园-西二旗
945,2023/6/3,21:30-22:00,奥林匹克公园,鼓楼大街,143.0,奥林匹克公园-鼓楼大街
946,2023/6/3,21:30-22:00,惠新西街南口,天通苑,121.0,惠新西街南口-天通苑
947,2023/6/3,21:30-22:00,惠新西街南口,天通苑北,83.0,惠新西街南口-天通苑北
948,2023/6/3,21:30-22:00,牡丹园,天通苑,67.0,牡丹园-天通苑
949,2023/6/3,21:30-22:00,牡丹园,天通苑北,3.0,牡丹园-天通苑北
950,2023/6/3,22:00-22:30,六道口,学院桥,6.0,六道口-学院桥
951,2023/6/3,22:00-22:30,六道口,沙河,0.0,六道口-沙河
952,2023/6/3,22:00-22:30,北土城,北京站,,北土城-北京站
953,2023/6/3,22:00-22:30,北土城,十里河,,北土城-十里河
954,2023/6/3,22:00-22:30,北土城,团结湖,,北土城-团结湖
955,2023/6/3,22:00-22:30,北土城,牡丹园,,北土城-牡丹园
956,2023/6/3,22:00-22:30,北土城,车道沟,,北土城-车道沟
957,2023/6/3,22:00-22:30,大屯路东,天通苑,,大屯路东-天通苑
958,2023/6/3,22:00-22:30,大屯路东,天通苑北,,大屯路东-天通苑北
959,2023/6/3,22:00-22:30,奥林匹克公园,东单,,奥林匹克公园-东单
960,2023/6/3,22:00-22:30,奥林匹克公园,六道口,,奥林匹克公园-六道口
961,2023/6/3,22:00-22:30,奥林匹克公园,北京站,,奥林匹克公园-北京站
962,2023/6/3,22:00-22:30,奥林匹克公园,回龙观东大街,,奥林匹克公园-回龙观东大街
963,2023/6/3,22:00-22:30,奥林匹克公园,望京,,奥林匹克公园-望京
964,2023/6/3,22:00-22:30,奥林匹克公园,永泰庄,,奥林匹克公园-永泰庄
965,2023/6/3,22:00-22:30,奥林匹克公园,海淀黄庄,,奥林匹克公园-海淀黄庄
966,2023/6/3,22:00-22:30,奥林匹克公园,清华东路西口,,奥林匹克公园-清华东路西口
967,2023/6/3,22:00-22:30,奥林匹克公园,王府井,,奥林匹克公园-王府井
968,2023/6/3,22:00-22:30,奥林匹克公园,珠市口,,奥林匹克公园-珠市口
969,2023/6/3,22:00-22:30,奥林匹克公园,西二旗,,奥林匹克公园-西二旗
970,2023/6/3,22:00-22:30,奥林匹克公园,鼓楼大街,,奥林匹克公园-鼓楼大街
971,2023/6/3,22:00-22:30,惠新西街南口,天通苑,,惠新西街南口-天通苑
972,2023/6/3,22:00-22:30,惠新西街南口,天通苑北,,惠新西街南口-天通苑北
973,2023/6/3,22:00-22:30,牡丹园,天通苑,,牡丹园-天通苑
974,2023/6/3,22:00-22:30,牡丹园,天通苑北,,牡丹园-天通苑北
975,2023/6/3,22:30-23:00,六道口,学院桥,,六道口-学院桥
976,2023/6/3,22:30-23:00,六道口,沙河,,六道口-沙河
977,2023/6/3,22:30-23:00,北土城,北京站,,北土城-北京站
978,2023/6/3,22:30-23:00,北土城,十里河,,北土城-十里河
979,2023/6/3,22:30-23:00,北土城,团结湖,,北土城-团结湖
980,2023/6/3,22:30-23:00,北土城,牡丹园,,北土城-牡丹园
981,2023/6/3,22:30-23:00,北土城,车道沟,,北土城-车道沟
982,2023/6/3,22:30-23:00,大屯路东,天通苑,,大屯路东-天通苑
983,2023/6/3,22:30-23:00,大屯路东,天通苑北,,大屯路东-天通苑北
984,2023/6/3,22:30-23:00,奥林匹克公园,东单,,奥林匹克公园-东单
985,2023/6/3,22:30-23:00,奥林匹克公园,六道口,,奥林匹克公园-六道口
986,2023/6/3,22:30-23:00,奥林匹克公园,北京站,,奥林匹克公园-北京站
987,2023/6/3,22:30-23:00,奥林匹克公园,回龙观东大街,,奥林匹克公园-回龙观东大街
988,2023/6/3,22:30-23:00,奥林匹克公园,望京,,奥林匹克公园-望京
989,2023/6/3,22:30-23:00,奥林匹克公园,永泰庄,,奥林匹克公园-永泰庄
990,2023/6/3,22:30-23:00,奥林匹克公园,海淀黄庄,,奥林匹克公园-海淀黄庄
991,2023/6/3,22:30-23:00,奥林匹克公园,清华东路西口,,奥林匹克公园-清华东路西口
992,2023/6/3,22:30-23:00,奥林匹克公园,王府井,,奥林匹克公园-王府井
993,2023/6/3,22:30-23:00,奥林匹克公园,珠市口,,奥林匹克公园-珠市口
994,2023/6/3,22:30-23:00,奥林匹克公园,西二旗,,奥林匹克公园-西二旗
995,2023/6/3,22:30-23:00,奥林匹克公园,鼓楼大街,,奥林匹克公园-鼓楼大街
996,2023/6/3,22:30-23:00,惠新西街南口,天通苑,,惠新西街南口-天通苑
997,2023/6/3,22:30-23:00,惠新西街南口,天通苑北,,惠新西街南口-天通苑北
998,2023/6/3,22:30-23:00,牡丹园,天通苑,,牡丹园-天通苑
999,2023/6/3,22:30-23:00,牡丹园,天通苑北,,牡丹园-天通苑北
